cs,period,n1,c1,percryRNA
0.3,24,390,Type 2 Coupling,1.102965744
0.3,24,12,Type 3 Coupling,1.106017626
0.3,24,2,Type 1 Coupling,1.108948559
0.3,24,12,Type 3 Coupling,1.11178818
0.3,24,12,Type 3 Coupling,1.114530826
0.3,24,12,Type 3 Coupling,1.11717798
0.3,24,18,Type 3 Coupling,1.119706525
0.4,24,15,Type 1 Coupling,1.122105625
0.4,24,147,Type 2 Coupling,1.124375373
0.4,24,149,Type 2 Coupling,1.126499112
0.4,24,126,Type 2 Coupling,1.128446508
0.4,24,35,Type 1 Coupling,1.130219819
0.4,24,3,Type 3 Coupling,1.131855656
0.4,24,3,Type 2 Coupling,1.133413335
0.4,24,57,Type 1 Coupling,1.134922487
0.4,24,77,Type 1 Coupling,1.136424041
0.4,24,145,Type 1 Coupling,1.137947961
0.4,24,110,Type 1 Coupling,1.139480997
0.4,48,70,Type 2 Coupling,1.141014175
0.4,24,177,Type 1 Coupling,1.142540591
0.4,24,225,Type 1 Coupling,1.144063669
0.4,24,256,Type 1 Coupling,1.145560165
0.4,24,390,Type 1 Coupling,1.147018634
0.4,24,390,Type 1 Coupling,1.14844399
0.4,24,390,Type 3 Coupling,1.149830293
0.4,48,256,Type 1 Coupling,1.151194028
0.5,48,390,Type 3 Coupling,1.152586198
0.5,48,272,Type 3 Coupling,1.154020446
0.5,48,100,Type 1 Coupling,1.155488204
0.5,48,100,Type 1 Coupling,1.156953236
0.5,48,50,Type 1 Coupling,1.158388571
0.5,48,50,Type 1 Coupling,1.159753263
0.5,48,25,Type 1 Coupling,1.161048802
0.5,48,50,Type 1 Coupling,1.162253774
0.5,48,62,Type 1 Coupling,1.163327986
0.5,24,16,Type 3 Coupling,1.164234551
0.5,48,63,Type 1 Coupling,1.164945529
0.5,48,42,Type 1 Coupling,1.165489768
0.5,48,42,Type 1 Coupling,1.165900972
0.5,48,121,Type 3 Coupling,1.166203568
0.5,48,170,Type 3 Coupling,1.166405715
0.5,48,194,Type 3 Coupling,1.166490761
0.5,48,128,Type 3 Coupling,1.166443429
0.5,48,228,Type 3 Coupling,1.166314286
0.5,48,390,Type 3 Coupling,1.166148743
0.5,48,390,Type 3 Coupling,1.16597196
0.5,48,390,Type 3 Coupling,1.165754697
0.5,24,81,Type 3 Coupling,1.165449461
0.6,24,88,Type 2 Coupling,1.165018492
0.6,24,18,Type 2 Coupling,1.164434602
0.6,24,20,Type 2 Coupling,1.163676027
0.6,24,2,Type 2 Coupling,1.162753598
0.6,24,2,Type 2 Coupling,1.161644901
0.6,24,2,Type 3 Coupling,1.160360241
0.6,24,18,Type 3 Coupling,1.158930919
0.6,24,72,Type 2 Coupling,1.157361615
0.6,24,20,Type 3 Coupling,1.155647443
0.6,24,18,Type 3 Coupling,1.153800315
0.6,24,55,Type 3 Coupling,1.151854089
0.6,24,3,Type 2 Coupling,1.149852287
0.6,24,84,Type 2 Coupling,1.147810859
0.6,24,7,Type 2 Coupling,1.145674786
0.6,24,4,Type 2 Coupling,1.143376583
0.6,24,12,Type 2 Coupling,1.140886984
0.6,24,52,Type 3 Coupling,1.138208767
0.6,24,2,Type 3 Coupling,1.135363317
0.6,24,42,Type 2 Coupling,1.132386558
0.6,24,3,Type 2 Coupling,1.129349191
0.6,48,390,Type 3 Coupling,1.126281612
0.6,24,338,Type 3 Coupling,1.123169787
0.6,48,211,Type 3 Coupling,1.119977612
0.6,48,237,Type 3 Coupling,1.116684425
0.6,48,168,Type 3 Coupling,1.113286228
0.6,48,95,Type 3 Coupling,1.109800152
0.6,48,58,Type 3 Coupling,1.106224624
0.7,48,29,Type 3 Coupling,1.102542494
0.7,48,21,Type 3 Coupling,1.098801087
0.7,48,22,Type 3 Coupling,1.095038119
0.7,24,81,Type 3 Coupling,1.091246625
0.7,48,20,Type 3 Coupling,1.087413649
0.7,48,24,Type 3 Coupling,1.083493367
0.7,48,25,Type 3 Coupling,1.079482542
0.7,48,157,Type 3 Coupling,1.075391323
0.7,24,101,Type 2 Coupling,1.071187827
0.7,48,184,Type 3 Coupling,1.066861126
0.7,24,81,Type 3 Coupling,1.062472363
0.7,48,59,Type 3 Coupling,1.05806384
0.7,48,249,Type 3 Coupling,1.053629106
0.7,48,114,Type 3 Coupling,1.049191034
0.7,24,107,Type 3 Coupling,1.044784644
0.7,48,171,Type 3 Coupling,1.040405915
0.7,48,390,Type 3 Coupling,1.036036886
0.7,48,52,Type 3 Coupling,1.031672436
0.7,48,13,Type 1 Coupling,1.027298669
0.8,72,13,Type 1 Coupling,1.022917894
0.8,48,8,Type 1 Coupling,1.018551495
0.8,48,8,Type 1 Coupling,1.014214034
0.8,48,8,Type 1 Coupling,1.009924622
0.8,24,13,Type 3 Coupling,1.005665531
0.8,48,8,Type 1 Coupling,1.001400974
0.8,48,8,Type 1 Coupling,0.997136733
0.8,48,8,Type 1 Coupling,0.992867854
0.8,24,13,Type 3 Coupling,0.988572139
0.8,24,135,Type 2 Coupling,0.984253202
0.8,24,96,Type 3 Coupling,0.97991215
0.8,24,24,Type 3 Coupling,0.975564746
0.8,24,24,Type 3 Coupling,0.971228402
0.8,48,35,Type 3 Coupling,0.966909283
0.8,48,29,Type 3 Coupling,0.962581334
0.8,48,21,Type 3 Coupling,0.958238722
0.8,48,24,Type 3 Coupling,0.953892828
0.8,48,30,Type 3 Coupling,0.949572541
0.8,48,28,Type 1 Coupling,0.945311437
0.8,48,28,Type 1 Coupling,0.94109391
0.8,48,25,Type 1 Coupling,0.936930563
0.9,48,27,Type 1 Coupling,0.932817013
0.9,48,29,Type 1 Coupling,0.928723969
0.9,48,22,Type 3 Coupling,0.924662566
0.9,48,20,Type 3 Coupling,0.920659302
0.9,48,24,Type 3 Coupling,0.91670878
0.9,48,25,Type 3 Coupling,0.912812297
0.9,48,23,Type 1 Coupling,0.908968236
0.9,48,21,Type 1 Coupling,0.905171128
0.9,48,21,Type 1 Coupling,0.901423094
0.9,48,24,Type 3 Coupling,0.897751656
0.9,48,20,Type 3 Coupling,0.894193146
0.9,48,19,Type 3 Coupling,0.890745855
0.9,48,19,Type 3 Coupling,0.887405714
0.9,24,0,Type 2 Coupling,0.884183693
0.9,48,12,Type 3 Coupling,0.881071546
0.9,48,13,Type 3 Coupling,0.87807097
0.9,48,27,Type 1 Coupling,0.875183966
0.9,48,26,Type 1 Coupling,0.872402087
0.9,48,26,Type 1 Coupling,0.869716657
0.9,48,25,Type 1 Coupling,0.867124274
0.9,48,7,Type 1 Coupling,0.864621636
0.9,48,16,Type 1 Coupling,0.86221114
0.9,48,13,Type 1 Coupling,0.859910095
0.9,24,1,Type 3 Coupling,0.857747216
0.9,48,13,Type 1 Coupling,0.855725984
0.9,24,390,Type 3 Coupling,0.853826986
0.9,24,68,Type 3 Coupling,0.852014014
0.9,48,31,Type 3 Coupling,0.850282821
0.9,48,23,Type 3 Coupling,0.848630093
0.9,48,24,Type 1 Coupling,0.847063936
0.3,48,17,Type 3 Coupling,0.84556971
0.3,24,46,Type 3 Coupling,0.844153967
0.3,24,39,Type 3 Coupling,0.842841887
0.3,24,39,Type 3 Coupling,0.841660626
0.3,24,32,Type 3 Coupling,0.840610759
0.3,24,112,Type 3 Coupling,0.839670754
0.3,24,359,Type 3 Coupling,0.838824006
0.4,48,69,Type 3 Coupling,0.83806483
0.4,48,128,Type 3 Coupling,0.837396297
0.4,48,39,Type 3 Coupling,0.836808271
0.4,48,31,Type 3 Coupling,0.836285103
0.4,48,34,Type 3 Coupling,0.835809818
0.4,48,33,Type 1 Coupling,0.835391644
0.4,24,292,Type 3 Coupling,0.83501597
0.4,48,24,Type 3 Coupling,0.834688624
0.4,24,215,Type 3 Coupling,0.834431099
0.4,24,175,Type 3 Coupling,0.834264547
0.4,24,195,Type 3 Coupling,0.834204697
0.4,24,340,Type 3 Coupling,0.834249221
0.4,48,49,Type 1 Coupling,0.834391567
0.4,48,27,Type 3 Coupling,0.834632019
0.4,24,26,Type 3 Coupling,0.834980302
0.4,24,48,Type 3 Coupling,0.835428389
0.4,24,124,Type 3 Coupling,0.835962006
0.4,24,63,Type 3 Coupling,0.836589902
0.4,24,79,Type 3 Coupling,0.837322509
0.5,24,25,Type 3 Coupling,0.838151744
0.5,24,2,Type 3 Coupling,0.839095026
0.5,24,2,Type 3 Coupling,0.840158754
0.5,24,2,Type 3 Coupling,0.84134959
0.5,24,38,Type 3 Coupling,0.842670294
0.5,24,2,Type 3 Coupling,0.844114247
0.5,24,25,Type 3 Coupling,0.845682051
0.5,24,250,Type 2 Coupling,0.847356766
0.5,24,103,Type 3 Coupling,0.849120551
0.5,24,390,Type 2 Coupling,0.850968356
0.5,24,71,Type 3 Coupling,0.852902407
0.5,24,46,Type 3 Coupling,0.854939824
0.5,24,2,Type 3 Coupling,0.857099638
0.5,24,21,Type 2 Coupling,0.859377644
0.5,24,32,Type 3 Coupling,0.861756783
0.5,24,79,Type 3 Coupling,0.864217929
0.5,24,157,Type 2 Coupling,0.866750328
0.5,24,215,Type 3 Coupling,0.869369321
0.5,48,2,Type 3 Coupling,0.872087829
0.5,24,22,Type 3 Coupling,0.874917712
0.5,24,24,Type 3 Coupling,0.877847016
0.5,24,44,Type 3 Coupling,0.88085726
0.6,24,27,Type 3 Coupling,0.883945939
0.6,24,38,Type 3 Coupling,0.887136764
0.6,24,153,Type 3 Coupling,0.890426295
0.6,24,106,Type 3 Coupling,0.893802977
0.6,24,29,Type 3 Coupling,0.897266426
0.6,24,15,Type 3 Coupling,0.900821996
0.6,24,4,Type 3 Coupling,0.904502092
0.6,24,57,Type 2 Coupling,0.90830316
0.6,48,29,Type 3 Coupling,0.912194015
0.6,24,31,Type 3 Coupling,0.916129808
0.6,48,58,Type 1 Coupling,0.920088557
0.6,48,173,Type 3 Coupling,0.924080959
0.6,48,62,Type 3 Coupling,0.928131674
0.6,24,49,Type 2 Coupling,0.932225887
0.6,24,14,Type 3 Coupling,0.936327116
0.6,24,6,Type 3 Coupling,0.940436998
0.6,24,49,Type 2 Coupling,0.944561893
0.6,24,377,Type 3 Coupling,0.94869127
0.6,24,45,Type 2 Coupling,0.952833595
0.6,24,175,Type 3 Coupling,0.95700905
0.6,24,19,Type 3 Coupling,0.961238144
0.6,24,44,Type 2 Coupling,0.965510917
0.6,24,10,Type 3 Coupling,0.96981049
0.6,24,26,Type 3 Coupling,0.974141734
0.6,24,68,Type 3 Coupling,0.978480792
0.6,48,26,Type 3 Coupling,0.982794494
0.6,24,44,Type 2 Coupling,0.987085794
0.7,24,27,Type 3 Coupling,0.991364136
0.7,24,6,Type 3 Coupling,0.995677071
0.7,48,30,Type 3 Coupling,1.000031723
0.7,24,60,Type 1 Coupling,1.004409939
0.7,24,25,Type 3 Coupling,1.008790833
0.7,48,25,Type 3 Coupling,1.013138769
0.7,24,36,Type 3 Coupling,1.017444671
0.7,24,50,Type 2 Coupling,1.021704987
0.7,48,30,Type 3 Coupling,1.025932654
0.7,24,25,Type 3 Coupling,1.03014849
0.7,24,7,Type 3 Coupling,1.034318961
0.7,24,79,Type 3 Coupling,1.038415917
0.7,24,65,Type 2 Coupling,1.042447037
0.7,24,390,Type 3 Coupling,1.046439287
0.7,24,240,Type 3 Coupling,1.050412113
0.7,24,217,Type 3 Coupling,1.054360073
0.7,24,70,Type 3 Coupling,1.058283026
0.7,24,390,Type 3 Coupling,1.062177896
0.7,24,7,Type 3 Coupling,1.066048754
0.8,24,181,Type 3 Coupling,1.069914546
0.8,48,122,Type 3 Coupling,1.073814696
0.8,24,168,Type 1 Coupling,1.077749006
0.8,24,27,Type 3 Coupling,1.081695382
0.8,24,390,Type 3 Coupling,1.085624169
0.8,24,258,Type 3 Coupling,1.08953143
0.8,24,262,Type 3 Coupling,1.093412122
0.8,24,25,Type 3 Coupling,1.097284102
0.8,24,40,Type 3 Coupling,1.101153726
0.8,24,390,Type 3 Coupling,1.105019543
0.8,24,390,Type 3 Coupling,1.108881584
0.8,24,314,Type 3 Coupling,1.112754979
0.8,48,37,Type 1 Coupling,1.116618415
0.8,48,3,Type 1 Coupling,1.120424973
0.8,24,38,Type 3 Coupling,1.124136321
0.8,24,102,Type 3 Coupling,1.127753375
0.8,24,6,Type 3 Coupling,1.131246644
0.8,24,187,Type 2 Coupling,1.134613543
0.8,24,16,Type 3 Coupling,1.137891348
0.8,48,13,Type 3 Coupling,1.1411036
0.8,24,17,Type 3 Coupling,1.144262487
0.9,24,14,Type 3 Coupling,1.147377893
0.9,24,23,Type 3 Coupling,1.150415887
0.9,24,26,Type 3 Coupling,1.153331035
0.9,24,24,Type 3 Coupling,1.156065215
0.9,24,31,Type 3 Coupling,1.158579726
0.9,24,32,Type 3 Coupling,1.160900669
0.9,48,23,Type 3 Coupling,1.163079971
0.9,24,82,Type 2 Coupling,1.165136748
0.9,24,7,Type 3 Coupling,1.167116618
0.9,48,21,Type 3 Coupling,1.169080489
0.9,24,63,Type 2 Coupling,1.171034862
0.9,24,30,Type 3 Coupling,1.17294206
0.9,24,375,Type 3 Coupling,1.174766708
0.9,24,2,Type 3 Coupling,1.176502619
0.9,24,155,Type 3 Coupling,1.17812972
0.9,24,260,Type 3 Coupling,1.179659635
0.9,48,30,Type 3 Coupling,1.181118957
0.9,24,233,Type 3 Coupling,1.182494302
0.9,24,210,Type 3 Coupling,1.183804688
0.9,48,96,Type 3 Coupling,1.185023222
0.9,48,22,Type 1 Coupling,1.186091675
0.9,24,40,Type 3 Coupling,1.187007973
0.9,24,33,Type 3 Coupling,1.18779395
0.9,24,36,Type 3 Coupling,1.188407163
0.9,24,63,Type 3 Coupling,1.188854862
0.9,48,27,Type 3 Coupling,1.18917632
0.9,24,127,Type 3 Coupling,1.189390512
0.9,48,23,Type 3 Coupling,1.189507593
0.9,48,28,Type 3 Coupling,1.189517521
0.9,48,24,Type 3 Coupling,1.189378841
0.3,48,185,Type 3 Coupling,1.189079851
0.3,48,390,Type 3 Coupling,1.188602057
0.3,48,390,Type 3 Coupling,1.187929747
0.3,48,390,Type 3 Coupling,1.187090646
0.3,24,145,Type 3 Coupling,1.186075281
0.3,24,15,Type 3 Coupling,1.184838821
0.3,48,15,Type 3 Coupling,1.18335679
0.4,24,16,Type 3 Coupling,1.181658892
0.4,24,17,Type 3 Coupling,1.179765229
0.4,48,17,Type 3 Coupling,1.177675101
0.4,24,19,Type 3 Coupling,1.175403954
0.4,24,17,Type 3 Coupling,1.172967418
0.4,48,17,Type 3 Coupling,1.170337101
0.4,24,14,Type 3 Coupling,1.167528197
0.4,24,16,Type 3 Coupling,1.164565152
0.4,24,17,Type 3 Coupling,1.161465253
0.4,48,17,Type 3 Coupling,1.158224082
0.4,24,218,Type 1 Coupling,1.154816526
0.4,24,267,Type 3 Coupling,1.151233764
0.4,48,30,Type 3 Coupling,1.147492572
0.4,24,305,Type 3 Coupling,1.143631319
0.4,48,44,Type 3 Coupling,1.139661888
0.4,24,175,Type 3 Coupling,1.13561594
0.4,48,244,Type 3 Coupling,1.131475764
0.4,24,171,Type 3 Coupling,1.127233917
0.4,24,201,Type 3 Coupling,1.122881229
0.5,24,164,Type 3 Coupling,1.118405194
0.5,24,51,Type 3 Coupling,1.113812499
0.5,24,390,Type 3 Coupling,1.109104454
0.5,24,390,Type 3 Coupling,1.104292637
0.5,24,390,Type 3 Coupling,1.099398565
0.5,48,108,Type 3 Coupling,1.094463922
0.5,48,140,Type 3 Coupling,1.089519186
0.5,48,30,Type 3 Coupling,1.084562674
0.5,48,28,Type 3 Coupling,1.079582363
0.5,24,100,Type 3 Coupling,1.074572196
0.5,48,3,Type 3 Coupling,1.069550003
0.5,48,22,Type 3 Coupling,1.064544564
0.5,48,25,Type 3 Coupling,1.059550663
0.5,48,49,Type 3 Coupling,1.054513302
0.5,48,43,Type 3 Coupling,1.049405248
0.5,48,67,Type 1 Coupling,1.044241978
0.5,48,390,Type 3 Coupling,1.039044506
0.5,48,271,Type 3 Coupling,1.033821956
0.5,48,216,Type 3 Coupling,1.028576622
0.5,48,27,Type 3 Coupling,1.02330166
0.5,48,26,Type 3 Coupling,1.018002933
0.5,48,23,Type 3 Coupling,1.012681906
0.6,48,24,Type 1 Coupling,1.007335692
0.6,48,17,Type 3 Coupling,1.001965131
0.6,48,26,Type 3 Coupling,0.996586966
0.6,48,183,Type 3 Coupling,0.991213305
0.6,24,107,Type 3 Coupling,0.985851482
0.6,24,87,Type 3 Coupling,0.980535363
0.6,48,26,Type 3 Coupling,0.975310548
0.6,48,59,Type 3 Coupling,0.970214405
0.6,48,181,Type 3 Coupling,0.96523903
0.6,48,47,Type 3 Coupling,0.960328948
0.6,48,327,Type 3 Coupling,0.955471265
0.6,48,390,Type 3 Coupling,0.950652384
0.6,48,24,Type 3 Coupling,0.945855669
0.6,24,146,Type 3 Coupling,0.941082514
0.6,48,19,Type 3 Coupling,0.936344331
0.6,48,23,Type 1 Coupling,0.931662538
0.6,48,23,Type 3 Coupling,0.927040394
0.6,48,23,Type 3 Coupling,0.922460895
0.6,48,400,Type 3 Coupling,0.917901871
0.6,48,400,Type 1 Coupling,0.913376839
0.6,48,201,Type 3 Coupling,0.908921872
0.6,48,199,Type 2 Coupling,0.904546738
0.6,48,3,Type 3 Coupling,0.900260182
0.6,48,3,Type 3 Coupling,0.896059654
0.6,48,2,Type 3 Coupling,0.891929178
0.6,48,2,Type 3 Coupling,0.887863042
0.6,48,9,Type 3 Coupling,0.883888735
0.7,48,11,Type 3 Coupling,0.880028313
0.7,48,7,Type 3 Coupling,0.876256922
0.7,48,10,Type 3 Coupling,0.872566261
0.7,24,97,Type 1 Coupling,0.868974562
0.7,48,3,Type 3 Coupling,0.865493265
0.7,48,24,Type 3 Coupling,0.862132774
0.7,48,19,Type 3 Coupling,0.858896951
0.7,48,23,Type 1 Coupling,0.855779028
0.7,48,23,Type 3 Coupling,0.852764659
0.7,48,18,Type 1 Coupling,0.849836338
0.7,24,195,Type 3 Coupling,0.846990365
0.7,48,16,Type 3 Coupling,0.84421911
0.7,48,36,Type 3 Coupling,0.841540543
0.7,48,81,Type 3 Coupling,0.838975876
0.7,48,400,Type 3 Coupling,0.836530517
0.7,48,390,Type 3 Coupling,0.834208598
0.7,48,18,Type 1 Coupling,0.832007356
0.7,24,25,Type 3 Coupling,0.829901428
0.7,24,16,Type 1 Coupling,0.827858543
0.8,48,32,Type 3 Coupling,0.825866602
0.8,24,21,Type 1 Coupling,0.823928695
0.8,48,8,Type 3 Coupling,0.822040699
0.8,48,7,Type 3 Coupling,0.820190327
0.8,48,21,Type 3 Coupling,0.818380884
0.8,48,21,Type 3 Coupling,0.816624677
0.8,48,21,Type 3 Coupling,0.814939869
0.8,48,109,Type 2 Coupling,0.81335286
0.8,48,6,Type 3 Coupling,0.811869081
0.8,48,9,Type 3 Coupling,0.810483572
0.8,48,23,Type 3 Coupling,0.809214656
0.8,48,79,Type 3 Coupling,0.808075223
0.8,24,108,Type 3 Coupling,0.807050378
0.8,48,139,Type 3 Coupling,0.806127586
0.8,48,161,Type 3 Coupling,0.805306857
0.8,24,390,Type 3 Coupling,0.804584596
0.8,48,10,Type 3 Coupling,0.803961955
0.8,48,9,Type 3 Coupling,0.803456018
0.8,48,10,Type 3 Coupling,0.803081281
0.8,48,329,Type 3 Coupling,0.80283367
0.8,48,146,Type 3 Coupling,0.80272227
0.9,48,185,Type 3 Coupling,0.802752278
0.9,48,183,Type 3 Coupling,0.802914549
0.9,48,165,Type 3 Coupling,0.803201815
0.9,48,292,Type 3 Coupling,0.803611594
0.9,48,20,Type 3 Coupling,0.80414158
0.9,48,70,Type 3 Coupling,0.804781768
0.9,48,65,Type 3 Coupling,0.805523453
0.9,48,351,Type 3 Coupling,0.806368762
0.9,48,36,Type 1 Coupling,0.807315234
0.9,48,37,Type 3 Coupling,0.808364043
0.9,24,390,Type 2 Coupling,0.809515849
0.9,48,3,Type 3 Coupling,0.810778807
0.9,24,67,Type 2 Coupling,0.812177177
0.9,24,220,Type 3 Coupling,0.813730546
0.9,24,25,Type 3 Coupling,0.815429526
0.9,24,21,Type 1 Coupling,0.817270695
0.9,24,16,Type 1 Coupling,0.819246051
0.9,48,16,Type 3 Coupling,0.821333046
0.9,24,121,Type 3 Coupling,0.82351673
0.9,24,29,Type 3 Coupling,0.825803341
0.9,24,143,Type 3 Coupling,0.828188511
0.9,24,38,Type 3 Coupling,0.830679007
0.9,24,134,Type 3 Coupling,0.833282775
0.9,24,203,Type 3 Coupling,0.835999447
0.9,48,390,Type 3 Coupling,0.838837915
0.9,24,368,Type 3 Coupling,0.841806533
0.9,24,195,Type 3 Coupling,0.844883582
0.9,48,191,Type 1 Coupling,0.84804417
0.9,48,10,Type 3 Coupling,0.851291436
0.9,48,17,Type 3 Coupling,0.85465293
0.3,48,19,Type 3 Coupling,0.858124537
0.3,48,21,Type 3 Coupling,0.861694322
0.3,48,20,Type 3 Coupling,0.86537502
0.3,48,7,Type 3 Coupling,0.869171253
0.3,24,186,Type 3 Coupling,0.873040042
0.3,48,206,Type 3 Coupling,0.876943942
0.3,48,206,Type 3 Coupling,0.880868422
0.4,48,9,Type 2 Coupling,0.88483906
0.4,48,11,Type 2 Coupling,0.888874423
0.4,48,18,Type 2 Coupling,0.892987203
0.4,48,21,Type 2 Coupling,0.897175601
0.4,48,24,Type 2 Coupling,0.90141686
0.4,48,15,Type 3 Coupling,0.905693727
0.4,24,2,Type 3 Coupling,0.91000897
0.4,24,60,Type 3 Coupling,0.914387637
0.4,24,46,Type 1 Coupling,0.918854186
0.4,48,390,Type 3 Coupling,0.923404733
0.4,24,25,Type 2 Coupling,0.928023686
0.4,24,33,Type 2 Coupling,0.932708109
0.4,48,27,Type 2 Coupling,0.937457604
0.4,24,158,Type 3 Coupling,0.942249883
0.4,24,152,Type 3 Coupling,0.947057708
0.4,24,390,Type 3 Coupling,0.951861346
0.4,24,23,Type 3 Coupling,0.95664464
0.4,48,9,Type 3 Coupling,0.961397218
0.4,48,32,Type 2 Coupling,0.966123086
0.5,48,11,Type 2 Coupling,0.9708424
0.5,48,28,Type 3 Coupling,0.975579587
0.5,48,400,Type 3 Coupling,0.980345888
0.5,24,220,Type 2 Coupling,0.985126682
0.5,24,80,Type 3 Coupling,0.989890962
0.5,48,43,Type 2 Coupling,0.994614068
0.5,48,17,Type 3 Coupling,0.999284924
0.5,48,28,Type 3 Coupling,1.003917284
0.5,48,49,Type 3 Coupling,1.008523136
0.5,48,141,Type 3 Coupling,1.013086826
0.5,48,32,Type 3 Coupling,1.017608718
0.5,48,73,Type 3 Coupling,1.022119497
0.5,48,60,Type 1 Coupling,1.026664404
0.5,48,390,Type 3 Coupling,1.031229963
0.5,48,390,Type 3 Coupling,1.035800198
0.5,48,390,Type 3 Coupling,1.040358385
0.5,48,288,Type 3 Coupling,1.044886053
0.5,48,390,Type 3 Coupling,1.049388297
0.5,48,193,Type 3 Coupling,1.053857695
0.5,48,390,Type 3 Coupling,1.058282188
0.5,48,30,Type 3 Coupling,1.062662669
0.5,48,49,Type 1 Coupling,1.066993033
0.6,48,37,Type 3 Coupling,1.07124672
0.6,48,47,Type 3 Coupling,1.075383912
0.6,48,4,Type 3 Coupling,1.079407184
0.6,48,85,Type 3 Coupling,1.083334254
0.6,48,296,Type 3 Coupling,1.087200827
0.6,24,27,Type 3 Coupling,1.091033066
0.6,24,24,Type 3 Coupling,1.094833309
0.6,24,390,Type 1 Coupling,1.098556523
0.6,24,36,Type 3 Coupling,1.102238339
0.6,24,36,Type 3 Coupling,1.10590919
0.6,48,196,Type 1 Coupling,1.10956889
0.6,24,88,Type 3 Coupling,1.113199029
0.6,24,34,Type 3 Coupling,1.116805016
0.6,24,20,Type 3 Coupling,1.120403604
0.6,24,27,Type 3 Coupling,1.124026736
0.6,24,20,Type 3 Coupling,1.127692707
0.6,24,20,Type 3 Coupling,1.131403571
0.6,48,23,Type 3 Coupling,1.135107189
0.6,48,22,Type 1 Coupling,1.138723126
0.6,24,6,Type 3 Coupling,1.142235039
0.6,24,119,Type 3 Coupling,1.145710497
0.6,24,86,Type 1 Coupling,1.149182354
0.6,24,60,Type 3 Coupling,1.152640296
0.6,24,184,Type 3 Coupling,1.156041855
0.6,24,103,Type 3 Coupling,1.159350239
0.6,48,232,Type 3 Coupling,1.162534959
0.6,24,13,Type 3 Coupling,1.165600677
0.7,24,82,Type 3 Coupling,1.1685844
0.7,24,94,Type 1 Coupling,1.171517669
0.7,24,142,Type 3 Coupling,1.174399663
0.7,24,89,Type 1 Coupling,1.177223497
0.7,24,128,Type 3 Coupling,1.179996424
0.7,24,14,Type 3 Coupling,1.182743762
0.7,48,23,Type 3 Coupling,1.185459615
0.7,24,141,Type 3 Coupling,1.188122138
0.7,48,244,Type 3 Coupling,1.190720299
0.7,48,21,Type 3 Coupling,1.19323
0.7,48,30,Type 3 Coupling,1.195634695
0.7,24,104,Type 3 Coupling,1.197868771
0.7,24,115,Type 1 Coupling,1.199892396
0.7,24,219,Type 3 Coupling,1.201757271
0.7,24,221,Type 3 Coupling,1.203552806
0.7,24,27,Type 3 Coupling,1.205311768
0.7,24,38,Type 3 Coupling,1.207009457
0.7,24,300,Type 3 Coupling,1.208592442
0.7,24,3,Type 3 Coupling,1.210014749
0.8,24,183,Type 3 Coupling,1.21121331
0.8,48,38,Type 3 Coupling,1.212154274
0.8,24,3,Type 3 Coupling,1.212812781
0.8,48,31,Type 3 Coupling,1.213224095
0.8,24,120,Type 1 Coupling,1.213439829
0.8,48,36,Type 1 Coupling,1.213516789
0.8,24,98,Type 3 Coupling,1.213457306
0.8,24,138,Type 3 Coupling,1.213198921
0.8,24,74,Type 3 Coupling,1.212718467
0.8,24,50,Type 1 Coupling,1.212035074
0.8,24,37,Type 3 Coupling,1.21112074
0.8,24,3,Type 3 Coupling,1.209939165
0.8,24,3,Type 3 Coupling,1.208519114
0.8,48,39,Type 3 Coupling,1.206939229
0.8,24,3,Type 3 Coupling,1.205232456
0.8,48,42,Type 3 Coupling,1.203388954
0.8,24,3,Type 3 Coupling,1.201405617
0.8,48,30,Type 3 Coupling,1.199285699
0.8,24,39,Type 1 Coupling,1.197037134
0.8,24,3,Type 3 Coupling,1.194653749
0.8,48,35,Type 3 Coupling,1.192105399
0.9,24,41,Type 1 Coupling,1.189398427
0.9,48,81,Type 3 Coupling,1.186578119
0.9,48,103,Type 3 Coupling,1.18369251
0.9,48,3,Type 3 Coupling,1.180767412
0.9,48,192,Type 3 Coupling,1.17779469
0.9,48,15,Type 3 Coupling,1.174757702
0.9,24,3,Type 3 Coupling,1.171674289
0.9,48,375,Type 3 Coupling,1.168566691
0.9,24,3,Type 3 Coupling,1.16543561
0.9,72,103,Type 1 Coupling,1.162280498
0.9,72,56,Type 3 Coupling,1.159091343
0.9,72,102,Type 1 Coupling,1.155876924
0.9,72,390,Type 2 Coupling,1.152639168
0.9,72,83,Type 2 Coupling,1.149360463
0.9,72,390,Type 2 Coupling,1.145998526
0.9,72,239,Type 2 Coupling,1.142548306
0.9,72,390,Type 2 Coupling,1.139033878
0.9,72,233,Type 2 Coupling,1.135445589
0.9,72,267,Type 2 Coupling,1.131791567
0.9,72,390,Type 2 Coupling,1.128103831
0.9,72,96,Type 2 Coupling,1.124407242
0.9,72,390,Type 2 Coupling,1.120706159
0.9,72,390,Type 2 Coupling,1.116964028
0.9,72,243,Type 2 Coupling,1.11318182
0.9,72,38,Type 1 Coupling,1.109361279
0.9,72,64,Type 3 Coupling,1.105474289
0.9,72,84,Type 3 Coupling,1.101499373
0.9,72,79,Type 1 Coupling,1.097406758
0.9,72,94,Type 3 Coupling,1.093177419
0.9,24,78,Type 1 Coupling,1.088805845
0.3,72,94,Type 3 Coupling,1.084304842
0.3,72,74,Type 1 Coupling,1.079705897
0.3,72,33,Type 1 Coupling,1.075021587
0.3,72,63,Type 1 Coupling,1.070255002
0.3,72,69,Type 1 Coupling,1.06542378
0.3,72,89,Type 1 Coupling,1.060569698
0.3,72,70,Type 3 Coupling,1.055694612
0.4,72,52,Type 3 Coupling,1.050770663
0.4,72,83,Type 3 Coupling,1.045778303
0.4,72,76,Type 3 Coupling,1.040724937
0.4,24,0,Type 2 Coupling,1.035622621
0.4,72,83,Type 3 Coupling,1.030495249
0.4,72,81,Type 3 Coupling,1.025364805
0.4,24,1,Type 1 Coupling,1.020242119
0.4,24,1,Type 1 Coupling,1.015117994
0.4,24,1,Type 1 Coupling,1.009954117
0.4,72,92,Type 3 Coupling,1.004755955
0.4,72,92,Type 3 Coupling,0.999550801
0.4,24,1,Type 1 Coupling,0.994340307
0.4,24,1,Type 1 Coupling,0.989161751
0.4,24,217,Type 3 Coupling,0.984023687
0.4,72,139,Type 2 Coupling,0.978883973
0.4,72,91,Type 3 Coupling,0.973709911
0.4,72,178,Type 2 Coupling,0.968510126
0.4,72,221,Type 2 Coupling,0.963300387
0.4,72,158,Type 2 Coupling,0.958104831
0.5,72,145,Type 2 Coupling,0.952936867
0.5,72,232,Type 2 Coupling,0.947799083
0.5,72,188,Type 2 Coupling,0.942683496
0.5,72,229,Type 2 Coupling,0.937577379
0.5,72,220,Type 2 Coupling,0.932488436
0.5,72,183,Type 2 Coupling,0.927416034
0.5,72,3,Type 2 Coupling,0.922367512
0.5,72,390,Type 2 Coupling,0.917377676
0.5,72,2,Type 2 Coupling,0.91243327
0.5,72,3,Type 2 Coupling,0.907524936
0.5,48,12,Type 3 Coupling,0.902661181
0.5,48,0,Type 2 Coupling,0.897865682
0.5,48,18,Type 3 Coupling,0.893157472
0.5,48,17,Type 3 Coupling,0.888548358
0.5,48,13,Type 3 Coupling,0.884052136
0.5,24,118,Type 1 Coupling,0.879650694
0.5,72,31,Type 2 Coupling,0.875345526
0.5,72,115,Type 3 Coupling,0.871143229
0.5,72,30,Type 2 Coupling,0.867053519
0.5,72,31,Type 2 Coupling,0.86306463
0.5,72,31,Type 2 Coupling,0.859166902
0.5,48,15,Type 3 Coupling,0.855368859
0.6,24,3,Type 2 Coupling,0.851695903
0.6,48,14,Type 3 Coupling,0.848155591
0.6,24,46,Type 1 Coupling,0.844732125
0.6,24,4,Type 3 Coupling,0.841437157
0.6,24,63,Type 2 Coupling,0.838277533
0.6,72,69,Type 1 Coupling,0.835229587
0.6,72,69,Type 1 Coupling,0.832271212
0.6,72,69,Type 1 Coupling,0.829375321
0.6,72,77,Type 1 Coupling,0.826535072
0.6,72,57,Type 1 Coupling,0.823743132
0.6,72,208,Type 1 Coupling,0.821000899
0.6,72,390,Type 1 Coupling,0.818299557
0.6,72,390,Type 1 Coupling,0.815653173
0.6,72,240,Type 1 Coupling,0.81310249
0.6,72,208,Type 1 Coupling,0.810664249
0.6,72,390,Type 1 Coupling,0.808340952
0.6,24,39,Type 1 Coupling,0.806120688
0.6,72,390,Type 1 Coupling,0.804002466
0.6,72,363,Type 1 Coupling,0.802006241
0.6,72,270,Type 1 Coupling,0.800145813
0.6,72,346,Type 1 Coupling,0.798415506
0.6,72,390,Type 1 Coupling,0.796816689
0.6,72,345,Type 1 Coupling,0.795340473
0.6,72,325,Type 1 Coupling,0.793978212
0.6,72,390,Type 1 Coupling,0.792749112
0.6,72,390,Type 1 Coupling,0.791674296
0.6,72,320,Type 1 Coupling,0.790749906
0.7,24,30,Type 1 Coupling,0.789967416
0.7,72,390,Type 1 Coupling,0.789346607
0.7,72,390,Type 1 Coupling,0.788901284
0.7,72,273,Type 1 Coupling,0.788641223
0.7,72,390,Type 1 Coupling,0.788573753
0.7,72,390,Type 1 Coupling,0.788678333
0.7,72,208,Type 1 Coupling,0.788926648
0.7,72,283,Type 1 Coupling,0.789314055
0.7,72,390,Type 1 Coupling,0.789840741
0.7,72,328,Type 1 Coupling,0.790500422
0.7,72,390,Type 1 Coupling,0.791268844
0.7,24,130,Type 2 Coupling,0.792152155
0.7,72,390,Type 2 Coupling,0.793169649
0.7,72,364,Type 2 Coupling,0.794340886
0.7,72,390,Type 2 Coupling,0.79567703
0.7,72,400,Type 2 Coupling,0.797170376
0.7,72,295,Type 2 Coupling,0.7988061
0.7,72,390,Type 2 Coupling,0.800567918
0.7,72,390,Type 2 Coupling,0.802440245
0.8,72,390,Type 2 Coupling,0.804392134
0.8,72,390,Type 2 Coupling,0.806407793
0.8,72,320,Type 2 Coupling,0.808491741
0.8,24,44,Type 1 Coupling,0.810663796
0.8,72,161,Type 2 Coupling,0.812933744
0.8,72,19,Type 3 Coupling,0.815308881
0.8,72,249,Type 2 Coupling,0.817778484
0.8,72,262,Type 2 Coupling,0.820335648
0.8,72,390,Type 2 Coupling,0.822993285
0.8,72,390,Type 2 Coupling,0.825771379
0.8,72,390,Type 2 Coupling,0.828672095
0.8,72,390,Type 2 Coupling,0.831693305
0.8,72,219,Type 2 Coupling,0.83483355
0.8,24,19,Type 1 Coupling,0.8380875
0.8,72,327,Type 2 Coupling,0.841473557
0.8,72,18,Type 3 Coupling,0.845015127
0.8,72,390,Type 2 Coupling,0.84871172
0.8,72,390,Type 2 Coupling,0.852567093
0.8,72,19,Type 3 Coupling,0.856563436
0.8,72,20,Type 3 Coupling,0.86068767
0.8,72,21,Type 3 Coupling,0.864951647
0.9,72,22,Type 3 Coupling,0.869346317
0.9,24,33,Type 2 Coupling,0.8738381
0.9,72,144,Type 3 Coupling,0.878404567
0.9,72,144,Type 3 Coupling,0.883025944
0.9,72,256,Type 2 Coupling,0.887693355
0.9,72,212,Type 2 Coupling,0.892413932
0.9,72,223,Type 2 Coupling,0.897219894
0.9,72,262,Type 2 Coupling,0.902142674
0.9,24,21,Type 1 Coupling,0.907178339
0.9,48,11,Type 3 Coupling,0.912315178
0.9,24,41,Type 1 Coupling,0.917544446
0.9,48,14,Type 3 Coupling,0.922867875
0.9,48,12,Type 3 Coupling,0.928282064
0.9,48,69,Type 2 Coupling,0.933748172
0.9,48,382,Type 3 Coupling,0.93922205
0.9,48,13,Type 3 Coupling,0.944672391
0.9,48,63,Type 3 Coupling,0.950130324
0.9,48,7,Type 3 Coupling,0.955654757
0.9,72,390,Type 2 Coupling,0.961253554
0.9,72,390,Type 2 Coupling,0.966894676
0.9,72,390,Type 2 Coupling,0.972548279
0.9,72,390,Type 2 Coupling,0.978220081
0.9,24,44,Type 1 Coupling,0.983933705
0.9,48,10,Type 3 Coupling,0.989685325
0.9,24,21,Type 1 Coupling,0.995428556
0.9,48,10,Type 3 Coupling,1.001138564
0.9,48,12,Type 3 Coupling,1.006788048
0.9,48,10,Type 3 Coupling,1.01235003
0.9,48,9,Type 3 Coupling,1.017820052
0.9,48,12,Type 3 Coupling,1.023175911
0.3,48,8,Type 3 Coupling,1.028407266
0.3,48,8,Type 3 Coupling,1.033524021
0.3,48,12,Type 3 Coupling,1.038562159
0.3,24,258,Type 3 Coupling,1.043554972
0.3,24,64,Type 1 Coupling,1.048513092
0.3,24,26,Type 1 Coupling,1.05341712
0.3,24,12,Type 1 Coupling,1.058271846
0.4,72,30,Type 2 Coupling,1.063087955
0.4,24,10,Type 1 Coupling,1.067871655
0.4,24,16,Type 1 Coupling,1.072636355
0.4,72,29,Type 2 Coupling,1.077369971
0.4,24,10,Type 1 Coupling,1.082009967
0.4,24,16,Type 1 Coupling,1.086497934
0.4,72,30,Type 2 Coupling,1.090837581
0.4,24,18,Type 1 Coupling,1.095102265
0.4,72,29,Type 2 Coupling,1.099344232
0.4,24,24,Type 1 Coupling,1.103594834
0.4,72,31,Type 2 Coupling,1.107805076
0.4,24,30,Type 1 Coupling,1.111920662
0.4,24,390,Type 2 Coupling,1.115893713
0.4,24,38,Type 1 Coupling,1.119682512
0.4,48,182,Type 3 Coupling,1.123279012
0.4,24,38,Type 1 Coupling,1.126711408
0.4,48,105,Type 3 Coupling,1.130024414
0.4,48,106,Type 3 Coupling,1.133225071
0.4,24,40,Type 1 Coupling,1.136285773
0.5,48,184,Type 3 Coupling,1.139184545
0.5,24,390,Type 3 Coupling,1.141969645
0.5,24,81,Type 1 Coupling,1.144653331
0.5,48,137,Type 3 Coupling,1.147201329
0.5,24,30,Type 1 Coupling,1.149585023
0.5,48,222,Type 3 Coupling,1.151843391
0.5,48,279,Type 3 Coupling,1.153978456
0.5,48,362,Type 3 Coupling,1.15595301
0.5,48,18,Type 3 Coupling,1.157788033
0.5,48,17,Type 3 Coupling,1.15951906
0.5,48,16,Type 3 Coupling,1.161152273
0.5,48,10,Type 3 Coupling,1.162692018
0.5,72,24,Type 3 Coupling,1.164127561
0.5,48,112,Type 1 Coupling,1.165438999
0.5,24,25,Type 1 Coupling,1.166682635
0.5,48,135,Type 1 Coupling,1.167888145
0.5,48,287,Type 1 Coupling,1.169055907
0.5,48,9,Type 3 Coupling,1.170137614
0.5,48,9,Type 3 Coupling,1.171071448
0.5,48,10,Type 3 Coupling,1.171823257
0.5,48,10,Type 3 Coupling,1.172376496
0.5,48,8,Type 3 Coupling,1.172730801
0.6,72,21,Type 3 Coupling,1.172890097
0.6,24,210,Type 1 Coupling,1.172857848
0.6,72,22,Type 3 Coupling,1.172623485
0.6,24,30,Type 1 Coupling,1.172229689
0.6,72,21,Type 3 Coupling,1.171700418
0.6,72,26,Type 3 Coupling,1.171005839
0.6,72,24,Type 3 Coupling,1.170156366
0.6,72,23,Type 3 Coupling,1.169180679
0.6,24,277,Type 1 Coupling,1.168116511
0.6,48,4,Type 3 Coupling,1.16698375
0.6,24,78,Type 1 Coupling,1.16573758
0.6,72,30,Type 2 Coupling,1.16435216
0.6,72,29,Type 2 Coupling,1.162849116
0.6,48,77,Type 2 Coupling,1.161231657
0.6,48,64,Type 2 Coupling,1.159476663
0.6,48,58,Type 2 Coupling,1.157549816
0.6,24,90,Type 1 Coupling,1.155437515
0.6,72,28,Type 2 Coupling,1.153150383
0.6,72,61,Type 2 Coupling,1.150671065
0.6,72,63,Type 2 Coupling,1.148019989
0.6,72,57,Type 2 Coupling,1.145259213
0.6,48,390,Type 3 Coupling,1.142402704
0.6,24,120,Type 1 Coupling,1.139391818
0.6,24,47,Type 2 Coupling,1.136193691
0.6,24,0,Type 1 Coupling,1.132851861
0.6,24,156,Type 1 Coupling,1.129420634
0.6,24,0,Type 2 Coupling,1.125874515
0.7,24,240,Type 1 Coupling,1.12218646
0.7,48,201,Type 3 Coupling,1.118369262
0.7,72,106,Type 3 Coupling,1.114429189
0.7,72,48,Type 2 Coupling,1.110403058
0.7,24,160,Type 1 Coupling,1.106345096
0.7,72,52,Type 2 Coupling,1.102320042
0.7,72,53,Type 2 Coupling,1.098318829
0.7,48,150,Type 3 Coupling,1.094294569
0.7,72,125,Type 2 Coupling,1.090261008
0.7,72,104,Type 2 Coupling,1.08623869
0.7,24,14,Type 1 Coupling,1.082208281
0.7,24,120,Type 1 Coupling,1.078141741
0.7,48,241,Type 3 Coupling,1.074047724
0.7,48,7,Type 3 Coupling,1.069914401
0.7,48,9,Type 3 Coupling,1.065744875
0.7,48,10,Type 3 Coupling,1.06153567
0.7,48,7,Type 3 Coupling,1.057301066
0.7,48,9,Type 3 Coupling,1.053049217
0.7,48,10,Type 3 Coupling,1.048786744
0.8,48,10,Type 3 Coupling,1.044498584
0.8,48,10,Type 3 Coupling,1.040171163
0.8,48,11,Type 3 Coupling,1.035798373
0.8,48,10,Type 3 Coupling,1.031364779
0.8,48,12,Type 3 Coupling,1.026869238
0.8,48,7,Type 3 Coupling,1.022318881
0.8,48,9,Type 3 Coupling,1.017721453
0.8,48,9,Type 3 Coupling,1.013085369
0.8,48,10,Type 3 Coupling,1.008412291
0.8,48,8,Type 3 Coupling,1.003717572
0.8,48,11,Type 3 Coupling,0.999013948
0.8,48,11,Type 3 Coupling,0.994327211
0.8,48,12,Type 3 Coupling,0.989666145
0.8,48,10,Type 3 Coupling,0.985036453
0.8,48,10,Type 3 Coupling,0.980442962
0.8,48,10,Type 3 Coupling,0.975899821
0.8,48,13,Type 3 Coupling,0.971427544
0.8,48,10,Type 3 Coupling,0.967027087
0.8,24,54,Type 1 Coupling,0.962683822
0.8,72,168,Type 3 Coupling,0.958386891
0.8,72,20,Type 3 Coupling,0.954127699
0.9,72,23,Type 3 Coupling,0.949889947
0.9,72,47,Type 3 Coupling,0.945682706
0.9,72,71,Type 3 Coupling,0.941523203
0.9,72,156,Type 3 Coupling,0.93742927
0.9,72,158,Type 3 Coupling,0.933390909
0.9,24,8,Type 1 Coupling,0.929396027
0.9,24,0,Type 1 Coupling,0.925446001
0.9,72,298,Type 3 Coupling,0.921517554
0.9,24,5,Type 1 Coupling,0.91759941
0.9,24,5,Type 1 Coupling,0.91368933
0.9,72,174,Type 2 Coupling,0.909805136
0.9,72,337,Type 2 Coupling,0.905981758
0.9,24,4,Type 1 Coupling,0.90222873
0.9,24,8,Type 1 Coupling,0.898524602
0.9,24,227,Type 2 Coupling,0.894837895
0.9,24,6,Type 1 Coupling,0.891156149
0.9,48,1,Type 2 Coupling,0.887467424
0.9,24,64,Type 2 Coupling,0.883794891
0.9,24,400,Type 2 Coupling,0.88018103
0.9,24,2,Type 1 Coupling,0.876637544
0.9,24,39,Type 2 Coupling,0.873200484
0.9,24,390,Type 2 Coupling,0.869863196
0.9,24,16,Type 1 Coupling,0.866588517
0.9,24,4,Type 1 Coupling,0.863353937
0.9,24,50,Type 1 Coupling,0.860150717
0.9,24,3,Type 1 Coupling,0.856983178
0.9,24,5,Type 1 Coupling,0.853870421
0.9,24,69,Type 1 Coupling,0.850819844
0.9,24,69,Type 1 Coupling,0.847852414
0.9,24,59,Type 1 Coupling,0.84498692
0.3,24,50,Type 1 Coupling,0.842220127
0.3,24,0,Type 1 Coupling,0.839552854
0.3,24,0,Type 1 Coupling,0.83700346
0.3,24,0,Type 1 Coupling,0.8345667
0.3,24,0,Type 1 Coupling,0.832228696
0.3,24,0,Type 1 Coupling,0.830006461
0.3,24,0,Type 1 Coupling,0.827916559
0.4,24,0,Type 1 Coupling,0.825947541
0.4,24,0,Type 1 Coupling,0.824086654
0.4,24,0,Type 1 Coupling,0.822331733
0.4,24,0,Type 1 Coupling,0.820672761
0.4,24,0,Type 1 Coupling,0.819106166
0.4,24,1,Type 1 Coupling,0.817653364
0.4,24,0,Type 1 Coupling,0.816311149
0.4,24,77,Type 2 Coupling,0.815083421
0.4,24,0,Type 1 Coupling,0.813972165
0.4,24,5,Type 1 Coupling,0.812973472
0.4,24,6,Type 1 Coupling,0.812090875
0.4,24,5,Type 1 Coupling,0.811310432
0.4,24,6,Type 1 Coupling,0.810623118
0.4,24,6,Type 1 Coupling,0.810027564
0.4,24,5,Type 1 Coupling,0.809513818
0.4,24,5,Type 1 Coupling,0.809077325
0.4,24,5,Type 1 Coupling,0.808718822
0.4,24,3,Type 1 Coupling,0.808432682
0.4,24,39,Type 3 Coupling,0.808215061
0.5,48,390,Type 3 Coupling,0.808060133
0.5,24,68,Type 3 Coupling,0.80798206
0.5,24,208,Type 2 Coupling,0.807990844
0.5,48,3,Type 3 Coupling,0.808087279
0.5,48,400,Type 3 Coupling,0.808262923
0.5,24,1,Type 1 Coupling,0.808500287
0.5,24,89,Type 1 Coupling,0.808805229
0.5,72,380,Type 3 Coupling,0.809213615
0.5,72,390,Type 3 Coupling,0.809758506
0.5,72,390,Type 3 Coupling,0.81043363
0.5,72,390,Type 3 Coupling,0.811231682
0.5,72,178,Type 3 Coupling,0.81214287
0.5,72,226,Type 3 Coupling,0.813150461
0.5,24,90,Type 1 Coupling,0.814227386
0.5,72,46,Type 3 Coupling,0.815349338
0.5,72,174,Type 3 Coupling,0.816519418
0.5,72,373,Type 3 Coupling,0.817744563
0.5,72,390,Type 3 Coupling,0.819035243
0.5,24,115,Type 1 Coupling,0.820379774
0.5,72,390,Type 3 Coupling,0.821766856
0.5,48,99,Type 3 Coupling,0.823189925
0.5,24,49,Type 1 Coupling,0.824663988
0.6,48,143,Type 3 Coupling,0.826203202
0.6,48,30,Type 3 Coupling,0.827807538
0.6,48,24,Type 3 Coupling,0.829476823
0.6,48,20,Type 3 Coupling,0.831212994
0.6,48,20,Type 1 Coupling,0.83302914
0.6,48,21,Type 1 Coupling,0.834947073
0.6,48,26,Type 1 Coupling,0.836977152
0.6,24,94,Type 1 Coupling,0.839117117
0.6,48,24,Type 1 Coupling,0.841367916
0.6,48,21,Type 1 Coupling,0.843725107
0.6,48,18,Type 3 Coupling,0.846176941
0.6,48,27,Type 3 Coupling,0.84871858
0.6,24,120,Type 1 Coupling,0.85133884
0.6,48,172,Type 3 Coupling,0.854035169
0.6,48,53,Type 1 Coupling,0.856790706
0.6,48,390,Type 2 Coupling,0.859593143
0.6,24,85,Type 1 Coupling,0.862445748
0.6,24,390,Type 1 Coupling,0.865380248
0.6,48,15,Type 3 Coupling,0.868405871
0.6,48,27,Type 3 Coupling,0.87150904
0.6,48,26,Type 1 Coupling,0.874690593
0.6,48,0,Type 1 Coupling,0.877944786
0.6,24,177,Type 2 Coupling,0.881266829
0.6,24,179,Type 2 Coupling,0.884676549
0.6,48,1,Type 2 Coupling,0.888173463
0.6,24,157,Type 2 Coupling,0.891752945
0.6,24,4,Type 2 Coupling,0.895406858
0.7,24,259,Type 2 Coupling,0.899099542
0.7,24,173,Type 2 Coupling,0.902797676
0.7,24,241,Type 2 Coupling,0.906505787
0.7,24,41,Type 2 Coupling,0.910227831
0.7,24,146,Type 2 Coupling,0.913978193
0.7,24,146,Type 2 Coupling,0.917769619
0.7,24,248,Type 2 Coupling,0.921611248
0.7,24,209,Type 2 Coupling,0.925514434
0.7,24,139,Type 3 Coupling,0.929462904
0.7,24,46,Type 2 Coupling,0.933432747
0.7,48,9,Type 3 Coupling,0.937405907
0.7,48,12,Type 3 Coupling,0.941361698
0.7,24,8,Type 3 Coupling,0.945318453
0.7,48,8,Type 3 Coupling,0.949269462
0.7,24,48,Type 2 Coupling,0.953200867
0.7,24,6,Type 1 Coupling,0.957117159
0.7,48,143,Type 3 Coupling,0.961002388
0.7,48,9,Type 3 Coupling,0.964851454
0.7,24,2,Type 3 Coupling,0.968665655
0.8,24,31,Type 2 Coupling,0.972467762
0.8,48,12,Type 3 Coupling,0.976251161
0.8,48,11,Type 3 Coupling,0.980005238
0.8,48,17,Type 3 Coupling,0.983757935
0.8,24,23,Type 2 Coupling,0.987538614
0.8,48,6,Type 2 Coupling,0.991359194
0.8,48,6,Type 2 Coupling,0.995232131
0.8,24,45,Type 2 Coupling,0.999161282
0.8,48,9,Type 3 Coupling,1.003134282
0.8,48,21,Type 3 Coupling,1.007142402
0.8,48,10,Type 3 Coupling,1.011153367
0.8,24,63,Type 2 Coupling,1.01516999
0.8,48,9,Type 3 Coupling,1.019192031
0.8,48,14,Type 3 Coupling,1.02322819
0.8,24,94,Type 2 Coupling,1.027273476
0.8,48,99,Type 3 Coupling,1.031347802
0.8,24,86,Type 2 Coupling,1.035471931
0.8,48,141,Type 3 Coupling,1.039632599
0.8,24,106,Type 2 Coupling,1.043773316
0.8,24,109,Type 2 Coupling,1.047847127
0.8,24,14,Type 1 Coupling,1.051852006
0.9,24,14,Type 1 Coupling,1.055805157
0.9,24,2,Type 3 Coupling,1.059731732
0.9,24,21,Type 1 Coupling,1.063676357
0.9,24,21,Type 1 Coupling,1.067653286
0.9,24,22,Type 1 Coupling,1.071660023
0.9,24,22,Type 1 Coupling,1.075712455
0.9,72,24,Type 3 Coupling,1.079817304
0.9,72,11,Type 3 Coupling,1.083935162
0.9,72,5,Type 3 Coupling,1.088015703
0.9,72,13,Type 3 Coupling,1.092031399
0.9,72,14,Type 3 Coupling,1.095983014
0.9,72,15,Type 3 Coupling,1.099837449
0.9,72,5,Type 3 Coupling,1.10356713
0.9,72,13,Type 3 Coupling,1.107133912
0.9,72,9,Type 3 Coupling,1.110557076
0.9,72,9,Type 3 Coupling,1.113855281
0.9,72,6,Type 3 Coupling,1.117016675
0.9,72,11,Type 3 Coupling,1.120074908
0.9,72,15,Type 3 Coupling,1.123024482
0.9,72,17,Type 3 Coupling,1.125816877
0.9,72,15,Type 3 Coupling,1.128462834
0.9,72,7,Type 3 Coupling,1.130979893
0.9,72,23,Type 3 Coupling,1.133392816
0.9,72,21,Type 3 Coupling,1.135751463
0.9,72,5,Type 3 Coupling,1.138078803
0.9,72,10,Type 3 Coupling,1.140400878
0.9,72,15,Type 3 Coupling,1.142694946
0.9,72,10,Type 3 Coupling,1.14495691
0.9,72,5,Type 3 Coupling,1.147188595
0.9,72,10,Type 3 Coupling,1.149388333
0.3,72,7,Type 3 Coupling,1.15153303
0.3,24,20,Type 1 Coupling,1.153606625
0.3,24,20,Type 1 Coupling,1.15564171
0.3,48,10,Type 3 Coupling,1.157643085
0.3,48,9,Type 3 Coupling,1.15961901
0.3,48,8,Type 3 Coupling,1.161561144
0.3,48,20,Type 3 Coupling,1.163480122
0.4,48,18,Type 3 Coupling,1.16539558
0.4,48,15,Type 3 Coupling,1.167294736
0.4,48,19,Type 1 Coupling,1.169141027
0.4,48,20,Type 3 Coupling,1.170911275
0.4,72,0,Type 2 Coupling,1.172557936
0.4,72,0,Type 2 Coupling,1.174018036
0.4,72,0,Type 2 Coupling,1.175244856
0.4,72,0,Type 2 Coupling,1.176192951
0.4,72,1,Type 2 Coupling,1.176846119
0.4,72,0,Type 2 Coupling,1.177200629
0.4,72,1,Type 2 Coupling,1.177253912
0.4,72,5,Type 3 Coupling,1.177052874
0.4,72,5,Type 3 Coupling,1.176666073
0.4,72,4,Type 3 Coupling,1.176120354
0.4,72,6,Type 1 Coupling,1.175424212
0.4,72,6,Type 1 Coupling,1.174612871
0.4,72,5,Type 3 Coupling,1.17374181
0.4,72,5,Type 3 Coupling,1.172847002
0.4,48,70,Type 3 Coupling,1.171889629
0.5,72,8,Type 2 Coupling,1.170863137
0.5,72,0,Type 2 Coupling,1.169781576
0.5,72,0,Type 2 Coupling,1.168641593
0.5,72,253,Type 2 Coupling,1.16738275
0.5,72,0,Type 2 Coupling,1.165961766
0.5,72,30,Type 2 Coupling,1.164369499
0.5,72,0,Type 2 Coupling,1.162570008
0.5,72,0,Type 2 Coupling,1.160551942
0.5,72,6,Type 2 Coupling,1.158323905
0.5,72,0,Type 2 Coupling,1.155915033
0.5,72,0,Type 2 Coupling,1.153330468
0.5,72,98,Type 3 Coupling,1.150562225
0.5,72,1,Type 2 Coupling,1.1476418
0.5,72,5,Type 3 Coupling,1.144615108
0.5,72,0,Type 2 Coupling,1.141487521
0.5,72,0,Type 2 Coupling,1.138255843
0.5,72,0,Type 2 Coupling,1.134978283
0.5,72,0,Type 2 Coupling,1.131697151
0.5,72,0,Type 2 Coupling,1.12839389
0.5,72,3,Type 2 Coupling,1.12507003
0.5,72,4,Type 2 Coupling,1.121719417
0.5,72,0,Type 2 Coupling,1.118317113
0.6,72,0,Type 2 Coupling,1.11485745
0.6,72,0,Type 2 Coupling,1.111354347
0.6,48,5,Type 1 Coupling,1.10781843
0.6,48,28,Type 2 Coupling,1.104211338
0.6,48,21,Type 3 Coupling,1.100489844
0.6,48,17,Type 3 Coupling,1.096659772
0.6,48,19,Type 1 Coupling,1.092741948
0.6,48,9,Type 3 Coupling,1.088759294
0.6,48,9,Type 3 Coupling,1.084675883
0.6,48,16,Type 3 Coupling,1.080471159
0.6,48,1,Type 3 Coupling,1.076162031
0.6,48,1,Type 3 Coupling,1.071788368
0.6,48,1,Type 3 Coupling,1.067391213
0.6,48,195,Type 1 Coupling,1.062979697
0.6,48,29,Type 3 Coupling,1.05851152
0.6,48,19,Type 3 Coupling,1.05395127
0.6,48,22,Type 3 Coupling,1.049308191
0.6,48,28,Type 3 Coupling,1.044601836
0.6,48,20,Type 3 Coupling,1.039837975
0.6,48,27,Type 3 Coupling,1.03501791
0.6,48,25,Type 3 Coupling,1.030113316
0.6,48,15,Type 3 Coupling,1.025113134
0.6,48,24,Type 1 Coupling,1.020048645
0.6,48,22,Type 1 Coupling,1.014931376
0.6,48,18,Type 1 Coupling,1.009760163
0.6,48,21,Type 1 Coupling,1.004564017
0.6,24,113,Type 2 Coupling,0.999372326
0.7,24,1,Type 3 Coupling,0.994203181
0.7,24,88,Type 2 Coupling,0.9890666
0.7,48,16,Type 2 Coupling,0.983956259
0.7,24,51,Type 2 Coupling,0.978866283
0.7,72,137,Type 3 Coupling,0.973761348
0.7,72,137,Type 3 Coupling,0.968629579
0.7,24,89,Type 2 Coupling,0.963500194
0.7,48,79,Type 2 Coupling,0.958401481
0.7,24,58,Type 2 Coupling,0.953357438
0.7,48,22,Type 2 Coupling,0.948394589
0.7,24,80,Type 2 Coupling,0.943537598
0.7,24,163,Type 2 Coupling,0.938795211
0.7,48,69,Type 3 Coupling,0.934164972
0.7,48,83,Type 3 Coupling,0.929630352
0.7,48,45,Type 3 Coupling,0.925165851
0.7,48,72,Type 3 Coupling,0.920757527
0.7,24,168,Type 2 Coupling,0.916410268
0.7,48,9,Type 2 Coupling,0.912129234
0.7,48,69,Type 1 Coupling,0.907916833
0.8,48,81,Type 1 Coupling,0.903772242
0.8,48,195,Type 3 Coupling,0.899664986
0.8,72,30,Type 3 Coupling,0.895580648
0.8,48,30,Type 3 Coupling,0.891505867
0.8,72,39,Type 3 Coupling,0.887443941
0.8,72,30,Type 3 Coupling,0.88343752
0.8,72,31,Type 3 Coupling,0.879519716
0.8,72,23,Type 3 Coupling,0.875697747
0.8,72,33,Type 3 Coupling,0.871959693
0.8,72,31,Type 3 Coupling,0.868307114
0.8,72,44,Type 3 Coupling,0.864747863
0.8,72,47,Type 3 Coupling,0.861271841
0.8,24,2,Type 3 Coupling,0.857855601
0.8,72,31,Type 3 Coupling,0.854466186
0.8,48,29,Type 3 Coupling,0.851086623
0.8,72,16,Type 3 Coupling,0.847739301
0.8,72,34,Type 3 Coupling,0.844449979
0.8,72,30,Type 3 Coupling,0.84123472
0.8,72,32,Type 3 Coupling,0.838112552
0.8,72,24,Type 3 Coupling,0.835096237
0.8,72,34,Type 3 Coupling,0.832179483
0.9,72,34,Type 3 Coupling,0.82934202
0.9,72,32,Type 3 Coupling,0.826566431
0.9,72,37,Type 3 Coupling,0.82384144
0.9,72,43,Type 1 Coupling,0.821177801
0.9,72,48,Type 1 Coupling,0.818597359
0.9,72,25,Type 1 Coupling,0.816133299
0.9,72,56,Type 1 Coupling,0.813790366
0.9,72,59,Type 1 Coupling,0.81154614
0.9,72,61,Type 1 Coupling,0.809395582
0.9,72,66,Type 1 Coupling,0.807338264
0.9,72,50,Type 3 Coupling,0.805364407
0.9,72,95,Type 3 Coupling,0.803462032
0.9,72,29,Type 3 Coupling,0.801635818
0.9,48,28,Type 3 Coupling,0.799908954
0.9,72,27,Type 3 Coupling,0.798301852
0.9,72,35,Type 3 Coupling,0.796817899
0.9,72,40,Type 3 Coupling,0.795455396
0.9,72,34,Type 3 Coupling,0.79420892
0.9,72,30,Type 3 Coupling,0.793089543
0.9,72,26,Type 3 Coupling,0.792114409
0.9,72,42,Type 1 Coupling,0.791295677
0.9,72,45,Type 1 Coupling,0.79062063
0.9,72,37,Type 1 Coupling,0.790065329
0.9,72,54,Type 3 Coupling,0.789624745
0.9,48,26,Type 3 Coupling,0.789291884
0.9,72,61,Type 3 Coupling,0.789051809
0.9,72,46,Type 3 Coupling,0.788903382
0.9,72,41,Type 3 Coupling,0.788826958
0.9,72,46,Type 3 Coupling,0.78882471
0.9,72,42,Type 3 Coupling,0.788915424
0.3,72,38,Type 3 Coupling,0.789128588
0.3,72,38,Type 3 Coupling,0.789465754
0.3,72,19,Type 3 Coupling,0.789924396
0.3,72,51,Type 3 Coupling,0.790519526
0.3,72,36,Type 1 Coupling,0.791227912
0.3,72,31,Type 1 Coupling,0.792025681
0.3,72,5,Type 2 Coupling,0.792915141
0.4,72,5,Type 2 Coupling,0.793912565
0.4,72,5,Type 2 Coupling,0.795024666
0.4,72,5,Type 2 Coupling,0.79624024
0.4,72,6,Type 2 Coupling,0.797540149
0.4,72,26,Type 3 Coupling,0.798937598
0.4,72,33,Type 3 Coupling,0.80045916
0.4,72,15,Type 3 Coupling,0.802107184
0.4,72,20,Type 3 Coupling,0.80387393
0.4,72,26,Type 3 Coupling,0.805778098
0.4,72,41,Type 3 Coupling,0.807826605
0.4,72,32,Type 3 Coupling,0.810028318
0.4,72,31,Type 3 Coupling,0.812370389
0.4,72,5,Type 3 Coupling,0.814818251
0.4,72,42,Type 3 Coupling,0.817345657
0.4,72,39,Type 3 Coupling,0.819947872
0.4,72,27,Type 3 Coupling,0.822641863
0.4,72,5,Type 3 Coupling,0.825439521
0.4,72,29,Type 3 Coupling,0.828341442
0.4,72,31,Type 3 Coupling,0.831341292
0.5,24,200,Type 3 Coupling,0.834423038
0.5,72,28,Type 2 Coupling,0.837574473
0.5,72,28,Type 2 Coupling,0.840789074
0.5,72,24,Type 2 Coupling,0.844081471
0.5,72,28,Type 2 Coupling,0.847460529
0.5,72,41,Type 2 Coupling,0.850913301
0.5,72,34,Type 2 Coupling,0.854424435
0.5,72,39,Type 2 Coupling,0.858003919
0.5,72,33,Type 2 Coupling,0.861681831
0.5,24,2,Type 3 Coupling,0.865484794
0.5,72,22,Type 2 Coupling,0.869413952
0.5,72,34,Type 2 Coupling,0.873444838
0.5,72,35,Type 2 Coupling,0.877575942
0.5,72,28,Type 2 Coupling,0.881816542
0.5,72,29,Type 2 Coupling,0.886139724
0.5,72,31,Type 2 Coupling,0.890498059
0.5,72,37,Type 2 Coupling,0.89486732
0.5,72,34,Type 1 Coupling,0.899243875
0.5,48,20,Type 3 Coupling,0.90362831
0.5,72,52,Type 1 Coupling,0.908007786
0.5,72,47,Type 3 Coupling,0.912391139
0.5,48,23,Type 3 Coupling,0.916767588
0.6,72,21,Type 3 Coupling,0.921149979
0.6,72,4,Type 3 Coupling,0.925566977
0.6,72,4,Type 3 Coupling,0.93001164
0.6,72,34,Type 3 Coupling,0.934454191
0.6,48,19,Type 3 Coupling,0.938877326
0.6,72,19,Type 3 Coupling,0.9433229
0.6,72,35,Type 3 Coupling,0.947797087
0.6,48,23,Type 3 Coupling,0.952283666
0.6,72,33,Type 3 Coupling,0.956781136
0.6,72,40,Type 3 Coupling,0.961286642
0.6,72,40,Type 3 Coupling,0.965784113
0.6,48,24,Type 3 Coupling,0.970269299
0.6,72,45,Type 3 Coupling,0.97474873
0.6,72,33,Type 3 Coupling,0.979228119
0.6,72,25,Type 3 Coupling,0.983727916
0.6,72,17,Type 3 Coupling,0.988230533
0.6,72,24,Type 3 Coupling,0.992704697
0.6,72,40,Type 3 Coupling,0.997126719
0.6,72,24,Type 3 Coupling,1.00147552
0.6,72,16,Type 3 Coupling,1.005767889
0.6,72,56,Type 2 Coupling,1.010020771
0.6,48,25,Type 3 Coupling,1.014211908
0.6,72,45,Type 1 Coupling,1.018333677
0.6,48,25,Type 3 Coupling,1.022398472
0.6,72,53,Type 1 Coupling,1.026426691
0.6,72,57,Type 3 Coupling,1.030432488
0.6,72,50,Type 1 Coupling,1.034407571
0.7,72,56,Type 1 Coupling,1.038334521
0.7,72,48,Type 1 Coupling,1.042233001
0.7,72,51,Type 3 Coupling,1.046112988
0.7,72,56,Type 1 Coupling,1.049952207
0.7,72,54,Type 1 Coupling,1.053742234
0.7,72,49,Type 1 Coupling,1.057481751
0.7,72,33,Type 3 Coupling,1.061150499
0.7,48,23,Type 3 Coupling,1.064715105
0.7,72,40,Type 3 Coupling,1.068195623
0.7,72,47,Type 3 Coupling,1.071633872
0.7,72,24,Type 3 Coupling,1.075058906
0.7,72,32,Type 3 Coupling,1.078470838
0.7,72,50,Type 3 Coupling,1.081822394
0.7,72,47,Type 3 Coupling,1.085072496
0.7,72,60,Type 1 Coupling,1.088238159
0.7,24,26,Type 2 Coupling,1.091348935
0.7,72,32,Type 2 Coupling,1.094397607
0.7,48,18,Type 1 Coupling,1.097378098
0.7,72,33,Type 2 Coupling,1.100236817
0.8,72,37,Type 2 Coupling,1.102933586
0.8,72,26,Type 2 Coupling,1.105486211
0.8,72,44,Type 2 Coupling,1.107924557
0.8,72,33,Type 2 Coupling,1.110271962
0.8,24,2,Type 3 Coupling,1.112555358
0.8,72,35,Type 3 Coupling,1.114816051
0.8,48,17,Type 1 Coupling,1.117071776
0.8,72,21,Type 3 Coupling,1.119306934
0.8,72,27,Type 3 Coupling,1.121536973
0.8,72,31,Type 3 Coupling,1.123723675
0.8,72,33,Type 3 Coupling,1.125834414
0.8,72,31,Type 3 Coupling,1.127871191
0.8,72,6,Type 2 Coupling,1.12985991
0.8,24,2,Type 3 Coupling,1.131817629
0.8,72,40,Type 3 Coupling,1.133751841
0.8,48,23,Type 1 Coupling,1.135610965
0.8,72,36,Type 3 Coupling,1.137367457
0.8,72,33,Type 3 Coupling,1.139026901
0.8,72,41,Type 3 Coupling,1.140605291
0.8,72,37,Type 3 Coupling,1.142112276
0.8,72,48,Type 3 Coupling,1.143518598
0.9,72,36,Type 3 Coupling,1.144797012
0.9,72,42,Type 3 Coupling,1.145930913
0.9,72,40,Type 3 Coupling,1.146918457
0.9,72,28,Type 3 Coupling,1.147778165
0.9,48,24,Type 1 Coupling,1.148562671
0.9,72,27,Type 3 Coupling,1.149284699
0.9,72,54,Type 3 Coupling,1.149891157
0.9,72,49,Type 3 Coupling,1.150330971
0.9,72,45,Type 3 Coupling,1.150533984
0.9,72,49,Type 3 Coupling,1.150468413
0.9,72,45,Type 3 Coupling,1.150127276
0.9,72,57,Type 3 Coupling,1.149568562
0.9,72,54,Type 3 Coupling,1.148871277
0.9,72,33,Type 2 Coupling,1.148047723
0.9,48,390,Type 3 Coupling,1.147127764
0.9,72,38,Type 2 Coupling,1.146173107
0.9,72,23,Type 2 Coupling,1.145204571
0.9,72,30,Type 2 Coupling,1.144169831
0.9,72,36,Type 2 Coupling,1.143005706
0.9,72,11,Type 2 Coupling,1.141715194
0.9,72,39,Type 2 Coupling,1.140312412
0.9,72,27,Type 2 Coupling,1.138783276
0.9,72,24,Type 3 Coupling,1.137140414
0.9,48,390,Type 3 Coupling,1.135353117
0.9,72,20,Type 3 Coupling,1.133404741
0.9,72,34,Type 2 Coupling,1.131340549
0.9,72,40,Type 2 Coupling,1.129159979
0.9,72,32,Type 2 Coupling,1.12683382
0.9,72,31,Type 2 Coupling,1.124380738
0.9,72,25,Type 2 Coupling,1.121830661
0.3,72,36,Type 3 Coupling,1.119209823
0.3,48,390,Type 2 Coupling,1.116533636
0.3,72,46,Type 3 Coupling,1.113780567
0.3,72,58,Type 3 Coupling,1.110899563
0.3,72,65,Type 3 Coupling,1.107896547
0.3,72,47,Type 3 Coupling,1.104804498
0.3,72,41,Type 3 Coupling,1.101641554
0.4,72,0,Type 3 Coupling,1.098419012
0.4,72,33,Type 3 Coupling,1.095135539
0.4,48,390,Type 2 Coupling,1.091773958
0.4,72,27,Type 3 Coupling,1.088325816
0.4,72,40,Type 3 Coupling,1.084818216
0.4,72,43,Type 1 Coupling,1.081265884
0.4,72,51,Type 1 Coupling,1.077691523
0.4,72,73,Type 1 Coupling,1.074088474
0.4,72,65,Type 3 Coupling,1.070444949
0.4,72,43,Type 3 Coupling,1.066773164
0.4,72,54,Type 3 Coupling,1.063060696
0.4,72,43,Type 3 Coupling,1.059259677
0.4,72,43,Type 3 Coupling,1.055330808
0.4,72,57,Type 3 Coupling,1.051278812
0.4,72,45,Type 3 Coupling,1.047145697
0.4,72,45,Type 3 Coupling,1.042963689
0.4,72,47,Type 3 Coupling,1.038739878
0.4,72,56,Type 3 Coupling,1.034465129
0.4,72,38,Type 3 Coupling,1.030127798
0.5,24,33,Type 3 Coupling,1.025740655
0.5,72,39,Type 3 Coupling,1.021347671
0.5,72,51,Type 3 Coupling,1.016991359
0.5,72,40,Type 3 Coupling,1.012698814
0.5,72,48,Type 3 Coupling,1.008466908
0.5,72,45,Type 3 Coupling,1.004260518
0.5,72,39,Type 3 Coupling,1.000023327
0.5,24,46,Type 1 Coupling,0.995710168
0.5,72,29,Type 2 Coupling,0.991338583
0.5,48,390,Type 3 Coupling,0.986940255
0.5,48,390,Type 3 Coupling,0.982529097
0.5,48,390,Type 3 Coupling,0.978082949
0.5,48,367,Type 3 Coupling,0.973592182
0.5,48,23,Type 1 Coupling,0.969035725
0.5,48,155,Type 3 Coupling,0.964434059
0.5,24,31,Type 3 Coupling,0.959801808
0.5,48,390,Type 3 Coupling,0.955149152
0.5,24,82,Type 1 Coupling,0.950484212
0.5,48,256,Type 3 Coupling,0.94582506
0.5,48,108,Type 3 Coupling,0.941210066
0.5,24,2,Type 3 Coupling,0.936684885
0.5,48,144,Type 3 Coupling,0.932270996
0.6,24,170,Type 1 Coupling,0.927958232
0.6,48,173,Type 3 Coupling,0.923713563
0.6,48,335,Type 3 Coupling,0.919512055
0.6,48,30,Type 3 Coupling,0.915357332
0.6,48,21,Type 1 Coupling,0.911265809
0.6,48,23,Type 3 Coupling,0.907250757
0.6,48,106,Type 3 Coupling,0.903330896
0.6,48,73,Type 3 Coupling,0.899514294
0.6,48,90,Type 3 Coupling,0.895786923
0.6,24,2,Type 3 Coupling,0.892135312
0.6,72,243,Type 2 Coupling,0.888548846
0.6,24,45,Type 1 Coupling,0.885040373
0.6,72,196,Type 2 Coupling,0.881627848
0.6,72,214,Type 2 Coupling,0.878309034
0.6,48,19,Type 3 Coupling,0.875075492
0.6,48,21,Type 3 Coupling,0.871910188
0.6,48,25,Type 3 Coupling,0.868825233
0.6,48,23,Type 3 Coupling,0.865848899
0.6,48,21,Type 3 Coupling,0.862966669
0.6,48,19,Type 3 Coupling,0.860150862
0.6,24,51,Type 1 Coupling,0.857389659
0.6,48,23,Type 3 Coupling,0.854683505
0.6,48,21,Type 3 Coupling,0.852022638
0.6,48,20,Type 3 Coupling,0.84938787
0.6,48,21,Type 3 Coupling,0.846784734
0.6,48,23,Type 3 Coupling,0.844223052
0.6,48,21,Type 3 Coupling,0.841702964
0.7,48,17,Type 3 Coupling,0.839229836
0.7,48,14,Type 3 Coupling,0.836813025
0.7,48,16,Type 3 Coupling,0.834457502
0.7,48,16,Type 3 Coupling,0.832168567
0.7,24,34,Type 3 Coupling,0.829935934
0.7,24,109,Type 1 Coupling,0.827756856
0.7,24,38,Type 2 Coupling,0.825624659
0.7,24,149,Type 1 Coupling,0.823566497
0.7,48,31,Type 2 Coupling,0.821606659
0.7,72,19,Type 1 Coupling,0.819757911
0.7,72,65,Type 1 Coupling,0.818025971
0.7,72,62,Type 1 Coupling,0.816413277
0.7,72,121,Type 1 Coupling,0.814887315
0.7,72,145,Type 1 Coupling,0.81343421
0.7,72,166,Type 1 Coupling,0.81206145
0.7,72,256,Type 1 Coupling,0.810762665
0.7,72,286,Type 1 Coupling,0.809555623
0.7,72,223,Type 1 Coupling,0.808449836
0.7,72,235,Type 1 Coupling,0.807450187
0.8,72,271,Type 1 Coupling,0.806549429
0.8,72,356,Type 1 Coupling,0.805747513
0.8,72,390,Type 1 Coupling,0.805041453
0.8,72,390,Type 1 Coupling,0.804428537
0.8,72,66,Type 1 Coupling,0.803909836
0.8,72,63,Type 1 Coupling,0.803503247
0.8,72,56,Type 1 Coupling,0.803209243
0.8,72,119,Type 1 Coupling,0.803031861
0.8,72,128,Type 1 Coupling,0.802980604
0.8,72,272,Type 1 Coupling,0.803066137
0.8,72,216,Type 1 Coupling,0.803277244
0.8,72,285,Type 1 Coupling,0.803608399
0.8,72,186,Type 1 Coupling,0.8040447
0.8,72,328,Type 1 Coupling,0.804570588
0.8,72,374,Type 1 Coupling,0.805179005
0.8,72,390,Type 1 Coupling,0.805889359
0.8,72,390,Type 1 Coupling,0.806725887
0.8,72,67,Type 1 Coupling,0.807696484
0.8,72,53,Type 1 Coupling,0.808787868
0.8,72,132,Type 1 Coupling,0.809997413
0.8,24,45,Type 1 Coupling,0.811339451
0.9,72,106,Type 1 Coupling,0.812828594
0.9,72,215,Type 1 Coupling,0.814449782
0.9,72,221,Type 1 Coupling,0.816190079
0.9,72,264,Type 1 Coupling,0.818013774
0.9,72,237,Type 1 Coupling,0.819903981
0.9,72,286,Type 1 Coupling,0.821869473
0.9,72,390,Type 1 Coupling,0.823919276
0.9,72,282,Type 1 Coupling,0.826053707
0.9,72,390,Type 1 Coupling,0.828289686
0.9,72,390,Type 1 Coupling,0.830620204
0.9,24,46,Type 3 Coupling,0.833030791
0.9,72,65,Type 1 Coupling,0.835540881
0.9,72,64,Type 1 Coupling,0.838173445
0.9,72,96,Type 1 Coupling,0.840927389
0.9,72,122,Type 1 Coupling,0.843793058
0.9,72,196,Type 1 Coupling,0.846760747
0.9,72,213,Type 1 Coupling,0.849811957
0.9,72,219,Type 1 Coupling,0.852906282
0.9,72,226,Type 1 Coupling,0.856013299
0.9,72,367,Type 1 Coupling,0.859143388
0.9,24,96,Type 1 Coupling,0.862315057
0.9,72,390,Type 1 Coupling,0.86553961
0.9,24,82,Type 1 Coupling,0.868809052
0.9,24,34,Type 3 Coupling,0.872112668
0.9,24,79,Type 1 Coupling,0.875450399
0.9,24,21,Type 3 Coupling,0.878805282
0.9,24,111,Type 1 Coupling,0.882179235
0.9,24,107,Type 1 Coupling,0.885586191
0.9,24,140,Type 1 Coupling,0.889015588
0.9,72,390,Type 2 Coupling,0.892469361
0.3,24,52,Type 1 Coupling,0.895931266
0.3,24,35,Type 1 Coupling,0.899390706
0.3,48,12,Type 3 Coupling,0.902858308
0.3,48,62,Type 3 Coupling,0.906327684
0.3,24,84,Type 1 Coupling,0.909814557
0.3,24,48,Type 1 Coupling,0.913346485
0.3,24,141,Type 1 Coupling,0.916909982
0.4,24,49,Type 1 Coupling,0.920483101
0.4,24,125,Type 1 Coupling,0.924051905
0.4,24,68,Type 3 Coupling,0.927601393
0.4,72,43,Type 3 Coupling,0.931139757
0.4,72,101,Type 3 Coupling,0.934677523
0.4,72,122,Type 3 Coupling,0.93821602
0.4,72,221,Type 3 Coupling,0.941747857
0.4,24,153,Type 1 Coupling,0.945289825
0.4,72,308,Type 3 Coupling,0.948872556
0.4,72,296,Type 3 Coupling,0.95250283
0.4,72,390,Type 3 Coupling,0.956160134
0.4,72,144,Type 2 Coupling,0.959835646
0.4,72,323,Type 2 Coupling,0.963511034
0.4,72,390,Type 2 Coupling,0.967160504
0.4,72,232,Type 2 Coupling,0.970806264
0.4,72,232,Type 2 Coupling,0.9744596
0.4,72,371,Type 2 Coupling,0.978114276
0.4,72,390,Type 2 Coupling,0.981788362
0.4,24,74,Type 1 Coupling,0.985468632
0.5,72,9,Type 1 Coupling,0.989157129
0.5,72,9,Type 1 Coupling,0.992805155
0.5,72,9,Type 1 Coupling,0.996378305
0.5,48,15,Type 3 Coupling,0.99987825
0.5,24,78,Type 3 Coupling,1.003361231
0.5,24,120,Type 1 Coupling,1.006850379
0.5,24,223,Type 1 Coupling,1.010341833
0.5,48,12,Type 3 Coupling,1.013840881
0.5,24,57,Type 2 Coupling,1.017330692
0.5,24,82,Type 3 Coupling,1.020788908
0.5,72,269,Type 3 Coupling,1.024197326
0.5,24,171,Type 1 Coupling,1.02758747
0.5,72,250,Type 3 Coupling,1.030958151
0.5,24,2,Type 3 Coupling,1.034341314
0.5,48,43,Type 2 Coupling,1.037757015
0.5,48,281,Type 3 Coupling,1.041157068
0.5,48,311,Type 2 Coupling,1.044510445
0.5,24,253,Type 1 Coupling,1.047791431
0.5,48,28,Type 2 Coupling,1.05100508
0.5,48,27,Type 2 Coupling,1.054190746
0.5,24,2,Type 2 Coupling,1.057362646
0.5,24,174,Type 1 Coupling,1.060543747
0.6,48,109,Type 3 Coupling,1.063740066
0.6,24,4,Type 2 Coupling,1.066935873
0.6,24,101,Type 1 Coupling,1.070106918
0.6,72,2,Type 1 Coupling,1.073232003
0.6,24,63,Type 1 Coupling,1.076312897
0.6,24,107,Type 3 Coupling,1.079392142
0.6,24,23,Type 2 Coupling,1.082494502
0.6,24,44,Type 1 Coupling,1.085590417
0.6,72,2,Type 1 Coupling,1.088625692
0.6,24,111,Type 1 Coupling,1.091559727
0.6,24,27,Type 2 Coupling,1.094381794
0.6,72,133,Type 2 Coupling,1.097095954
0.6,72,197,Type 1 Coupling,1.099716412
0.6,72,117,Type 3 Coupling,1.102283794
0.6,72,279,Type 2 Coupling,1.104771309
0.6,72,56,Type 2 Coupling,1.107134162
0.6,72,117,Type 2 Coupling,1.109339669
0.6,72,109,Type 3 Coupling,1.111434093
0.6,72,98,Type 3 Coupling,1.11350277
0.6,24,158,Type 3 Coupling,1.115600027
0.6,24,211,Type 1 Coupling,1.117759879
0.6,48,2,Type 3 Coupling,1.119977246
0.6,24,65,Type 1 Coupling,1.122188212
0.6,48,50,Type 3 Coupling,1.124321678
0.6,48,4,Type 3 Coupling,1.126331001
0.6,48,4,Type 3 Coupling,1.128217766
0.6,48,4,Type 3 Coupling,1.129998254
0.7,48,4,Type 3 Coupling,1.131689317
0.7,48,8,Type 3 Coupling,1.133320593
0.7,48,85,Type 3 Coupling,1.134908281
0.7,48,95,Type 3 Coupling,1.136414545
0.7,48,94,Type 3 Coupling,1.137835982
0.7,24,45,Type 1 Coupling,1.13916115
0.7,48,100,Type 3 Coupling,1.140384002
0.7,48,79,Type 3 Coupling,1.141519109
0.7,48,101,Type 3 Coupling,1.142523941
0.7,48,143,Type 3 Coupling,1.143394004
0.7,72,390,Type 2 Coupling,1.144180165
0.7,72,24,Type 3 Coupling,1.144917241
0.7,72,8,Type 3 Coupling,1.145578819
0.7,72,10,Type 3 Coupling,1.146137133
0.7,72,8,Type 3 Coupling,1.146589864
0.7,72,1,Type 3 Coupling,1.146938639
0.7,72,9,Type 3 Coupling,1.147200256
0.7,72,9,Type 3 Coupling,1.147373059
0.7,72,8,Type 3 Coupling,1.147448664
0.8,72,6,Type 3 Coupling,1.147428648
0.8,72,8,Type 3 Coupling,1.147338616
0.8,72,8,Type 3 Coupling,1.147185078
0.8,72,4,Type 3 Coupling,1.14696036
0.8,72,1,Type 3 Coupling,1.146662214
0.8,72,8,Type 3 Coupling,1.14627673
0.8,72,21,Type 3 Coupling,1.145777802
0.8,72,18,Type 3 Coupling,1.145134391
0.8,72,11,Type 3 Coupling,1.144360847
0.8,72,11,Type 3 Coupling,1.143479305
0.8,72,9,Type 3 Coupling,1.142474461
0.8,72,12,Type 3 Coupling,1.141308629
0.8,72,4,Type 3 Coupling,1.139973395
0.8,72,7,Type 3 Coupling,1.138443302
0.8,72,4,Type 3 Coupling,1.136695161
0.8,72,20,Type 3 Coupling,1.134732129
0.8,72,9,Type 3 Coupling,1.132587649
0.8,48,4,Type 3 Coupling,1.130262118
0.8,48,4,Type 3 Coupling,1.127792691
0.8,48,4,Type 3 Coupling,1.125207738
0.8,24,56,Type 1 Coupling,1.122543558
0.9,48,5,Type 3 Coupling,1.119812372
0.9,48,5,Type 3 Coupling,1.116967182
0.9,48,17,Type 3 Coupling,1.113944551
0.9,24,100,Type 3 Coupling,1.110736022
0.9,48,14,Type 3 Coupling,1.107353503
0.9,24,68,Type 1 Coupling,1.103803215
0.9,48,18,Type 3 Coupling,1.100086544
0.9,48,17,Type 3 Coupling,1.096207009
0.9,48,30,Type 3 Coupling,1.092210353
0.9,24,72,Type 1 Coupling,1.088125759
0.9,48,25,Type 3 Coupling,1.08397681
0.9,48,25,Type 3 Coupling,1.079775319
0.9,48,33,Type 3 Coupling,1.075515976
0.9,48,10,Type 3 Coupling,1.071196562
0.9,48,24,Type 3 Coupling,1.066833757
0.9,48,26,Type 3 Coupling,1.062449376
0.9,48,8,Type 3 Coupling,1.058062684
0.9,48,23,Type 3 Coupling,1.053653302
0.9,48,29,Type 3 Coupling,1.04921638
0.9,48,27,Type 3 Coupling,1.044763378
0.9,48,245,Type 3 Coupling,1.040301444
0.9,48,24,Type 3 Coupling,1.03580595
0.9,24,99,Type 1 Coupling,1.03125631
0.9,24,76,Type 1 Coupling,1.026666784
0.9,72,37,Type 3 Coupling,1.02202601
0.9,72,164,Type 3 Coupling,1.017312588
0.9,72,230,Type 3 Coupling,1.012537629
0.9,72,390,Type 3 Coupling,1.007703809
0.9,24,225,Type 3 Coupling,1.00280961
0.9,24,92,Type 1 Coupling,0.997865897
0.3,48,2,Type 1 Coupling,0.992872201
0.3,24,74,Type 2 Coupling,0.987821287
0.3,48,5,Type 1 Coupling,0.982716636
0.3,24,33,Type 2 Coupling,0.977574286
0.3,48,4,Type 1 Coupling,0.972399673
0.3,48,6,Type 3 Coupling,0.967200955
0.3,48,4,Type 3 Coupling,0.961987778
0.4,48,6,Type 3 Coupling,0.956786434
0.4,48,4,Type 2 Coupling,0.951599585
0.4,48,4,Type 2 Coupling,0.946435496
0.4,48,4,Type 2 Coupling,0.941317822
0.4,48,7,Type 3 Coupling,0.936258394
0.4,48,5,Type 3 Coupling,0.931267966
0.4,48,9,Type 1 Coupling,0.926339078
0.4,24,191,Type 3 Coupling,0.921482674
0.4,24,220,Type 3 Coupling,0.916699244
0.4,48,24,Type 3 Coupling,0.911979152
0.4,48,24,Type 3 Coupling,0.907306419
0.4,24,277,Type 1 Coupling,0.902675546
0.4,48,60,Type 3 Coupling,0.898070268
0.4,24,74,Type 1 Coupling,0.893499576
0.4,48,80,Type 3 Coupling,0.888990176
0.4,48,130,Type 3 Coupling,0.884548378
0.4,48,130,Type 3 Coupling,0.8801815
0.4,48,130,Type 3 Coupling,0.875898345
0.4,48,130,Type 3 Coupling,0.871710151
0.5,48,224,Type 3 Coupling,0.867635822
0.5,48,293,Type 3 Coupling,0.863689036
0.5,48,1,Type 3 Coupling,0.859850981
0.5,48,293,Type 3 Coupling,0.856096222
0.5,48,52,Type 3 Coupling,0.852426512
0.5,24,123,Type 1 Coupling,0.848843237
0.5,48,131,Type 3 Coupling,0.845347956
0.5,24,115,Type 2 Coupling,0.841954143
0.5,48,24,Type 3 Coupling,0.838685517
0.5,48,27,Type 3 Coupling,0.835568549
0.5,48,19,Type 3 Coupling,0.832618727
0.5,48,67,Type 3 Coupling,0.829823594
0.5,48,24,Type 3 Coupling,0.827186472
0.5,48,23,Type 3 Coupling,0.82467761
0.5,48,387,Type 3 Coupling,0.822291738
0.5,48,387,Type 3 Coupling,0.820024312
0.5,48,387,Type 3 Coupling,0.817846616
0.5,72,387,Type 3 Coupling,0.815741934
0.5,24,191,Type 1 Coupling,0.813714512
0.5,48,224,Type 3 Coupling,0.811781524
0.5,48,110,Type 3 Coupling,0.809954503
0.5,48,114,Type 3 Coupling,0.808237188
0.6,48,44,Type 3 Coupling,0.806622757
0.6,48,36,Type 3 Coupling,0.805104842
0.6,48,390,Type 3 Coupling,0.803672682
0.6,48,390,Type 3 Coupling,0.802331835
0.6,48,131,Type 3 Coupling,0.80109287
0.6,48,55,Type 3 Coupling,0.799970411
0.6,48,39,Type 3 Coupling,0.798953274
0.6,48,82,Type 3 Coupling,0.79804784
0.6,48,70,Type 3 Coupling,0.797266629
0.6,24,147,Type 1 Coupling,0.796624291
0.6,48,186,Type 3 Coupling,0.796119857
0.6,48,390,Type 3 Coupling,0.795764181
0.6,48,390,Type 3 Coupling,0.795583797
0.6,48,93,Type 3 Coupling,0.795578562
0.6,48,105,Type 3 Coupling,0.795713265
0.6,48,71,Type 3 Coupling,0.795963772
0.6,24,77,Type 2 Coupling,0.796330708
0.6,24,84,Type 2 Coupling,0.796822275
0.6,48,104,Type 3 Coupling,0.797470054
0.6,48,25,Type 1 Coupling,0.798283135
0.6,48,25,Type 1 Coupling,0.799262003
0.6,48,25,Type 1 Coupling,0.800384467
0.6,48,25,Type 1 Coupling,0.801588359
0.6,48,20,Type 1 Coupling,0.802847893
0.6,48,10,Type 1 Coupling,0.804162635
0.6,48,390,Type 3 Coupling,0.805529761
0.6,24,132,Type 2 Coupling,0.806962397
0.7,48,390,Type 3 Coupling,0.808503187
0.7,48,135,Type 3 Coupling,0.810172954
0.7,48,100,Type 1 Coupling,0.811972548
0.7,48,100,Type 1 Coupling,0.813908266
0.7,48,100,Type 1 Coupling,0.815982155
0.7,48,100,Type 1 Coupling,0.818198032
0.7,48,100,Type 1 Coupling,0.820558248
0.7,48,50,Type 1 Coupling,0.82305848
0.7,48,50,Type 1 Coupling,0.82567807
0.7,48,50,Type 1 Coupling,0.8284228
0.7,24,117,Type 2 Coupling,0.831310271
0.7,48,50,Type 1 Coupling,0.834350036
0.7,24,167,Type 2 Coupling,0.837513793
0.7,48,50,Type 1 Coupling,0.840784706
0.7,48,25,Type 1 Coupling,0.844187692
0.7,48,25,Type 1 Coupling,0.847720561
0.7,48,25,Type 1 Coupling,0.851371114
0.7,48,25,Type 1 Coupling,0.855129478
0.7,48,25,Type 1 Coupling,0.858981448
0.8,48,50,Type 1 Coupling,0.862898419
0.8,48,50,Type 1 Coupling,0.86687123
0.8,48,50,Type 1 Coupling,0.870915874
0.8,24,205,Type 2 Coupling,0.87505075
0.8,48,50,Type 1 Coupling,0.879290685
0.8,24,330,Type 3 Coupling,0.883616383
0.8,48,50,Type 1 Coupling,0.888023184
0.8,24,97,Type 2 Coupling,0.892500538
0.8,48,50,Type 1 Coupling,0.897040893
0.8,48,50,Type 1 Coupling,0.901645204
0.8,48,50,Type 1 Coupling,0.906303642
0.8,48,50,Type 1 Coupling,0.9110132
0.8,48,50,Type 1 Coupling,0.915784881
0.8,48,25,Type 1 Coupling,0.920622147
0.8,48,25,Type 1 Coupling,0.925524993
0.8,48,25,Type 1 Coupling,0.930499563
0.8,24,38,Type 2 Coupling,0.935529324
0.8,48,25,Type 1 Coupling,0.940570475
0.8,48,25,Type 1 Coupling,0.945630478
0.8,48,100,Type 1 Coupling,0.950741042
0.8,48,100,Type 1 Coupling,0.95590127
0.9,48,100,Type 1 Coupling,0.961088017
0.9,48,50,Type 1 Coupling,0.966262178
0.9,48,50,Type 1 Coupling,0.971389016
0.9,48,50,Type 1 Coupling,0.97648468
0.9,48,25,Type 1 Coupling,0.981584035
0.9,48,25,Type 1 Coupling,0.9866906
0.9,24,81,Type 2 Coupling,0.991784947
0.9,48,25,Type 1 Coupling,0.996810611
0.9,48,100,Type 1 Coupling,1.001726019
0.9,48,100,Type 1 Coupling,1.006518717
0.9,48,100,Type 1 Coupling,1.011176116
0.9,48,100,Type 1 Coupling,1.015699392
0.9,48,100,Type 1 Coupling,1.020126085
0.9,48,50,Type 1 Coupling,1.0244726
0.9,48,50,Type 1 Coupling,1.028736546
0.9,48,25,Type 1 Coupling,1.032924719
0.9,48,4,Type 3 Coupling,1.037012787
0.9,24,126,Type 2 Coupling,1.040993892
0.9,48,26,Type 3 Coupling,1.044846697
0.9,24,315,Type 3 Coupling,1.048571886
0.9,48,24,Type 3 Coupling,1.052181968
0.9,24,134,Type 2 Coupling,1.055704895
0.9,48,22,Type 3 Coupling,1.059173287
0.9,48,30,Type 3 Coupling,1.062582261
0.9,48,23,Type 3 Coupling,1.065958166
0.9,48,26,Type 3 Coupling,1.069311877
0.9,48,25,Type 1 Coupling,1.072621219
0.9,48,20,Type 1 Coupling,1.075909744
0.9,24,2,Type 3 Coupling,1.079219288
0.9,48,25,Type 3 Coupling,1.082557267
0.3,24,170,Type 2 Coupling,1.085914951
0.3,48,39,Type 3 Coupling,1.089252294
0.3,24,142,Type 2 Coupling,1.092543098
0.3,48,35,Type 3 Coupling,1.095791189
0.3,48,4,Type 3 Coupling,1.098993249
0.3,48,4,Type 3 Coupling,1.102092654
0.3,24,153,Type 2 Coupling,1.105089415
0.4,48,29,Type 3 Coupling,1.108042327
0.4,48,27,Type 3 Coupling,1.110985834
0.4,48,68,Type 3 Coupling,1.113875173
0.4,48,81,Type 3 Coupling,1.116704362
0.4,48,91,Type 3 Coupling,1.119468435
0.4,48,196,Type 3 Coupling,1.122143244
0.4,48,45,Type 3 Coupling,1.124774329
0.4,24,173,Type 2 Coupling,1.127391436
0.4,48,46,Type 3 Coupling,1.129981255
0.4,48,47,Type 3 Coupling,1.132537399
0.4,48,46,Type 3 Coupling,1.135037473
0.4,48,153,Type 3 Coupling,1.137473706
0.4,48,151,Type 3 Coupling,1.139834135
0.4,48,19,Type 3 Coupling,1.142095736
0.4,48,19,Type 3 Coupling,1.144243096
0.4,48,17,Type 3 Coupling,1.146267717
0.4,48,17,Type 3 Coupling,1.148171857
0.4,48,17,Type 3 Coupling,1.149969441
0.4,48,17,Type 3 Coupling,1.151629751
0.5,24,332,Type 2 Coupling,1.153137416
0.5,48,80,Type 3 Coupling,1.154497846
0.5,24,160,Type 3 Coupling,1.155715681
0.5,48,126,Type 3 Coupling,1.156816734
0.5,48,79,Type 3 Coupling,1.157781618
0.5,48,262,Type 3 Coupling,1.158553021
0.5,72,33,Type 3 Coupling,1.159105563
0.5,72,33,Type 3 Coupling,1.159510338
0.5,72,40,Type 3 Coupling,1.159879938
0.5,48,15,Type 3 Coupling,1.160248168
0.5,24,150,Type 2 Coupling,1.160624541
0.5,48,15,Type 3 Coupling,1.161044164
0.5,24,331,Type 3 Coupling,1.161465947
0.5,48,16,Type 3 Coupling,1.161845553
0.5,48,15,Type 3 Coupling,1.16215218
0.5,48,15,Type 3 Coupling,1.162388981
0.5,48,15,Type 3 Coupling,1.162568194
0.5,48,15,Type 3 Coupling,1.162660936
0.5,48,15,Type 3 Coupling,1.162647698
0.5,72,24,Type 3 Coupling,1.162517273
0.5,72,382,Type 3 Coupling,1.162250284
0.5,72,199,Type 3 Coupling,1.161849142
0.6,24,236,Type 2 Coupling,1.161308884
0.6,48,143,Type 3 Coupling,1.160641248
0.6,72,9,Type 3 Coupling,1.159906295
0.6,72,395,Type 3 Coupling,1.159124661
0.6,72,119,Type 3 Coupling,1.158294057
0.6,24,276,Type 2 Coupling,1.157410231
0.6,48,172,Type 3 Coupling,1.15648707
0.6,48,258,Type 3 Coupling,1.155522861
0.6,48,47,Type 3 Coupling,1.154527898
0.6,48,224,Type 3 Coupling,1.153510286
0.6,24,1,Type 3 Coupling,1.152471533
0.6,48,265,Type 3 Coupling,1.151401376
0.6,72,48,Type 1 Coupling,1.150258216
0.6,72,250,Type 2 Coupling,1.148957911
0.6,24,158,Type 2 Coupling,1.147470448
0.6,72,390,Type 1 Coupling,1.145783272
0.6,24,211,Type 2 Coupling,1.143931897
0.6,24,7,Type 2 Coupling,1.141948746
0.6,24,4,Type 2 Coupling,1.139855986
0.6,24,4,Type 2 Coupling,1.137666124
0.6,24,4,Type 2 Coupling,1.135389267
0.6,24,2,Type 2 Coupling,1.133025239
0.6,24,214,Type 2 Coupling,1.130608958
0.6,24,79,Type 3 Coupling,1.12816482
0.6,48,32,Type 2 Coupling,1.125654255
0.6,24,4,Type 2 Coupling,1.123059184
0.6,24,211,Type 2 Coupling,1.120400605
0.7,24,14,Type 2 Coupling,1.117684367
0.7,24,25,Type 2 Coupling,1.114857048
0.7,24,24,Type 2 Coupling,1.11188867
0.7,24,9,Type 2 Coupling,1.108771964
0.7,24,17,Type 2 Coupling,1.105504226
0.7,24,24,Type 2 Coupling,1.102131976
0.7,24,5,Type 2 Coupling,1.098704193
0.7,24,17,Type 2 Coupling,1.095214136
0.7,24,9,Type 2 Coupling,1.09163269
0.7,24,229,Type 2 Coupling,1.087937412
0.7,24,27,Type 2 Coupling,1.084133185
0.7,24,14,Type 2 Coupling,1.08018255
0.7,24,18,Type 2 Coupling,1.076050294
0.7,24,31,Type 2 Coupling,1.071770012
0.7,24,21,Type 2 Coupling,1.067392334
0.7,24,15,Type 2 Coupling,1.062954859
0.7,24,17,Type 2 Coupling,1.058484214
0.7,24,13,Type 2 Coupling,1.053969148
0.7,24,390,Type 2 Coupling,1.049429971
0.8,24,25,Type 2 Coupling,1.044872032
0.8,24,18,Type 2 Coupling,1.040283761
0.8,24,12,Type 2 Coupling,1.035662404
0.8,24,11,Type 2 Coupling,1.031006363
0.8,24,26,Type 2 Coupling,1.026296279
0.8,24,54,Type 2 Coupling,1.02154016
0.8,24,44,Type 2 Coupling,1.016789041
0.8,72,172,Type 3 Coupling,1.012057172
0.8,24,390,Type 2 Coupling,1.007353
0.8,48,337,Type 3 Coupling,1.002667154
0.8,24,44,Type 2 Coupling,0.99798736
0.8,72,219,Type 3 Coupling,0.99333228
0.8,24,17,Type 2 Coupling,0.988708082
0.8,24,28,Type 2 Coupling,0.984112539
0.8,24,184,Type 3 Coupling,0.979525088
0.8,72,390,Type 3 Coupling,0.97492419
0.8,24,33,Type 2 Coupling,0.970299255
0.8,24,21,Type 2 Coupling,0.96565602
0.8,24,63,Type 2 Coupling,0.961005373
0.8,24,38,Type 2 Coupling,0.956366338
0.8,24,29,Type 2 Coupling,0.951742246
0.9,24,63,Type 2 Coupling,0.947150679
0.9,24,45,Type 2 Coupling,0.942610505
0.9,24,32,Type 2 Coupling,0.938143743
0.9,24,54,Type 2 Coupling,0.933758518
0.9,24,363,Type 2 Coupling,0.929467299
0.9,24,55,Type 2 Coupling,0.925268881
0.9,24,60,Type 2 Coupling,0.921163226
0.9,24,64,Type 2 Coupling,0.917160536
0.9,24,40,Type 2 Coupling,0.913237582
0.9,24,106,Type 2 Coupling,0.909354696
0.9,24,41,Type 2 Coupling,0.905491039
0.9,72,390,Type 3 Coupling,0.901658592
0.9,24,114,Type 2 Coupling,0.897862443
0.9,24,80,Type 2 Coupling,0.894090948
0.9,24,24,Type 2 Coupling,0.890360069
0.9,24,157,Type 2 Coupling,0.886695532
0.9,24,100,Type 2 Coupling,0.883110487
0.9,24,153,Type 2 Coupling,0.879604212
0.9,24,90,Type 2 Coupling,0.876156167
0.9,24,273,Type 2 Coupling,0.872758467
0.9,24,300,Type 2 Coupling,0.869420456
0.9,24,3,Type 2 Coupling,0.866151455
0.9,24,3,Type 2 Coupling,0.862957098
0.9,24,3,Type 2 Coupling,0.859840465
0.9,24,3,Type 2 Coupling,0.856796193
0.9,24,4,Type 2 Coupling,0.853823643
0.9,24,3,Type 2 Coupling,0.850929848
0.9,24,3,Type 2 Coupling,0.848119178
0.9,24,47,Type 2 Coupling,0.845393843
0.9,24,5,Type 2 Coupling,0.842737095
0.3,24,314,Type 3 Coupling,0.840136061
0.3,24,5,Type 2 Coupling,0.8375862
0.3,24,115,Type 2 Coupling,0.835096742
0.3,24,8,Type 2 Coupling,0.832681573
0.3,24,7,Type 2 Coupling,0.830353242
0.3,24,20,Type 2 Coupling,0.828120104
0.3,24,9,Type 2 Coupling,0.825998251
0.4,24,10,Type 2 Coupling,0.823994026
0.4,24,5,Type 2 Coupling,0.822108281
0.4,24,5,Type 2 Coupling,0.820337567
0.4,24,248,Type 2 Coupling,0.81866174
0.4,24,11,Type 2 Coupling,0.817068757
0.4,24,53,Type 2 Coupling,0.815547596
0.4,48,164,Type 1 Coupling,0.814099327
0.4,48,390,Type 3 Coupling,0.812733334
0.4,48,390,Type 3 Coupling,0.811459563
0.4,48,100,Type 1 Coupling,0.810289133
0.4,48,100,Type 1 Coupling,0.809221917
0.4,48,100,Type 1 Coupling,0.808239108
0.4,48,50,Type 1 Coupling,0.807313283
0.4,48,50,Type 1 Coupling,0.806430735
0.4,24,390,Type 2 Coupling,0.805604765
0.4,48,87,Type 3 Coupling,0.804850225
0.4,24,65,Type 2 Coupling,0.804167687
0.4,48,24,Type 1 Coupling,0.803564493
0.4,48,20,Type 1 Coupling,0.803058192
0.5,48,20,Type 1 Coupling,0.802670216
0.5,48,20,Type 1 Coupling,0.802409594
0.5,48,20,Type 1 Coupling,0.802256868
0.5,48,15,Type 1 Coupling,0.802219408
0.5,48,10,Type 1 Coupling,0.802300406
0.5,48,390,Type 1 Coupling,0.802496641
0.5,48,66,Type 3 Coupling,0.802808195
0.5,24,334,Type 3 Coupling,0.803215028
0.5,48,91,Type 3 Coupling,0.803710284
0.5,24,73,Type 2 Coupling,0.804314226
0.5,48,41,Type 3 Coupling,0.805058774
0.5,48,106,Type 3 Coupling,0.805967877
0.5,48,106,Type 3 Coupling,0.807014577
0.5,48,106,Type 3 Coupling,0.808186167
0.5,48,106,Type 3 Coupling,0.809477707
0.5,48,106,Type 3 Coupling,0.810883307
0.5,48,4,Type 3 Coupling,0.812373111
0.5,48,48,Type 3 Coupling,0.813928938
0.5,48,100,Type 1 Coupling,0.815561402
0.5,24,390,Type 1 Coupling,0.817279527
0.5,48,50,Type 1 Coupling,0.819081063
0.5,24,127,Type 2 Coupling,0.820999887
0.6,48,100,Type 1 Coupling,0.823072399
0.6,48,50,Type 1 Coupling,0.825323298
0.6,48,50,Type 1 Coupling,0.827757017
0.6,48,25,Type 1 Coupling,0.830327274
0.6,48,390,Type 3 Coupling,0.833008913
0.6,48,390,Type 3 Coupling,0.835766199
0.6,48,390,Type 2 Coupling,0.838592211
0.6,24,91,Type 2 Coupling,0.841499068
0.6,48,390,Type 2 Coupling,0.844499665
0.6,24,244,Type 3 Coupling,0.847592285
0.6,24,190,Type 3 Coupling,0.850774032
0.6,24,90,Type 2 Coupling,0.854033399
0.6,72,26,Type 2 Coupling,0.857356339
0.6,72,2,Type 2 Coupling,0.860762469
0.6,24,35,Type 2 Coupling,0.864258967
0.6,24,5,Type 2 Coupling,0.867861092
0.6,24,5,Type 2 Coupling,0.871618786
0.6,24,5,Type 2 Coupling,0.875555734
0.6,24,7,Type 2 Coupling,0.879642667
0.6,24,13,Type 2 Coupling,0.883846882
0.6,24,15,Type 2 Coupling,0.888153849
0.6,24,7,Type 2 Coupling,0.892536214
0.6,24,177,Type 3 Coupling,0.896986823
0.6,24,7,Type 2 Coupling,0.901496695
0.6,24,93,Type 2 Coupling,0.906028647
0.6,24,14,Type 2 Coupling,0.910562313
0.6,24,11,Type 2 Coupling,0.915086665
0.7,24,16,Type 2 Coupling,0.91960723
0.7,24,26,Type 2 Coupling,0.924144637
0.7,24,31,Type 2 Coupling,0.928686948
0.7,24,9,Type 2 Coupling,0.933229583
0.7,24,25,Type 2 Coupling,0.93777413
0.7,24,65,Type 2 Coupling,0.942352403
0.7,48,322,Type 2 Coupling,0.946978064
0.7,24,7,Type 2 Coupling,0.951635098
0.7,48,45,Type 2 Coupling,0.956301251
0.7,48,69,Type 2 Coupling,0.960976224
0.7,48,390,Type 2 Coupling,0.96567634
0.7,48,1,Type 2 Coupling,0.970414415
0.7,48,245,Type 3 Coupling,0.975157254
0.7,48,203,Type 3 Coupling,0.979872228
0.7,48,236,Type 3 Coupling,0.984534213
0.7,48,262,Type 3 Coupling,0.989168345
0.7,24,86,Type 2 Coupling,0.993828701
0.7,24,372,Type 3 Coupling,0.998526563
0.7,72,95,Type 3 Coupling,1.003236037
0.8,72,168,Type 3 Coupling,1.00791463
0.8,72,242,Type 3 Coupling,1.012549285
0.8,72,390,Type 3 Coupling,1.017114019
0.8,24,91,Type 2 Coupling,1.021616755
0.8,72,297,Type 3 Coupling,1.026080539
0.8,72,390,Type 3 Coupling,1.030527024
0.8,72,390,Type 3 Coupling,1.034994183
0.8,72,400,Type 1 Coupling,1.039497394
0.8,72,390,Type 1 Coupling,1.043988481
0.8,72,209,Type 3 Coupling,1.04840801
0.8,24,102,Type 2 Coupling,1.052687602
0.8,72,276,Type 3 Coupling,1.056831541
0.8,24,210,Type 1 Coupling,1.060851249
0.8,72,235,Type 3 Coupling,1.064766644
0.8,72,208,Type 3 Coupling,1.068644384
0.8,72,390,Type 3 Coupling,1.072495557
0.8,72,119,Type 2 Coupling,1.076300303
0.8,72,109,Type 2 Coupling,1.080073045
0.8,72,142,Type 2 Coupling,1.083811686
0.8,72,136,Type 2 Coupling,1.08749553
0.8,72,167,Type 2 Coupling,1.091102003
